id,frequency_id,service_id,category_id,civilian_usage_id,army_usage_id,section_start,section_end,sorting,created_at,updated_at
2,2,24,1,3,1,,,,"2015-08-05 15:56:30","2015-08-05 15:56:30"
3,3,6,1,3,1,,,,"2015-08-05 15:56:30","2015-08-05 15:56:30"
4,4,30,1,3,1,,,,"2015-08-05 15:56:30","2015-08-05 15:56:30"
5,5,6,1,3,1,,,,"2015-08-05 15:56:30","2015-08-05 15:56:30"
7,7,6,1,3,1,,,,"2015-08-05 15:56:30","2015-08-05 15:56:30"
8,7,15,1,3,1,,,,"2015-08-05 15:56:30","2015-08-05 15:56:30"
12,10,24,1,3,1,,,,"2015-08-05 15:56:30","2015-08-05 15:56:30"
13,11,6,1,3,1,,,,"2015-08-05 15:56:30","2015-08-05 15:56:30"
14,11,15,1,3,1,,,,"2015-08-05 15:56:30","2015-08-05 15:56:30"
15,11,24,1,3,1,,,,"2015-08-05 15:56:30","2015-08-05 15:56:30"
16,12,24,1,3,1,,,,"2015-08-05 15:56:30","2015-08-05 15:56:30"
17,13,6,1,3,1,,,,"2015-08-05 15:56:30","2015-08-05 15:56:30"
18,13,15,1,3,1,,,,"2015-08-05 15:56:30","2015-08-05 15:56:30"
19,13,24,1,3,1,,,,"2015-08-05 15:56:30","2015-08-05 15:56:30"
26,17,24,1,4,4,,,,"2015-08-05 15:56:30","2015-08-05 15:56:30"
27,17,6,2,3,1,,,,"2015-08-05 15:56:30","2015-08-05 15:56:30"
28,17,15,2,3,1,,,,"2015-08-05 15:56:30","2015-08-05 15:56:30"
49,27,25,1,1,3,,,,"2015-08-05 15:56:30","2015-08-05 15:56:30"
50,27,26,2,3,1,,,,"2015-08-05 15:56:30","2016-07-05 15:32:05"
51,28,25,1,4,4,,,,"2015-08-05 15:56:30","2015-08-05 15:56:30"
52,29,24,1,4,4,,,,"2015-08-05 15:56:30","2015-08-05 15:56:30"
53,30,15,1,3,1,,,,"2015-08-05 15:56:30","2016-07-05 15:34:23"
54,30,25,1,1,3,,,,"2015-08-05 15:56:30","2015-08-05 15:56:30"
55,31,15,1,3,1,,,,"2015-08-05 15:56:30","2016-07-05 15:35:48"
56,31,25,1,4,4,,,,"2015-08-05 15:56:30","2015-08-05 15:56:30"
57,32,10,1,3,1,,,,"2015-08-05 15:56:30","2015-08-05 15:56:30"
58,33,15,1,3,1,,,,"2015-08-05 15:56:30","2016-07-05 16:06:34"
59,33,25,1,1,3,,,,"2015-08-05 15:56:30","2015-08-05 15:56:30"
60,34,20,1,3,1,,,,"2015-08-05 15:56:30","2015-08-05 15:56:30"
61,34,25,2,3,2,,,,"2015-08-05 15:56:30","2015-08-05 15:56:30"
62,35,20,1,3,1,,,,"2015-08-05 15:56:30","2015-08-05 15:56:30"
63,36,6,1,4,4,,,,"2015-08-05 15:56:30","2015-08-05 15:56:30"
64,36,15,1,3,1,,,,"2015-08-05 15:56:30","2016-03-29 15:51:25"
65,36,14,1,4,4,,,,"2015-08-05 15:56:30","2016-03-29 15:51:25"
68,37,23,1,1,3,,,,"2015-08-05 15:56:30","2015-08-05 15:56:30"
69,38,6,1,4,4,,,,"2015-08-05 15:56:30","2015-08-05 15:56:30"
70,38,15,1,3,1,,,,"2015-08-05 15:56:30","2016-03-29 15:51:49"
71,38,14,1,4,4,,,,"2015-08-05 15:56:30","2015-08-05 15:56:30"
72,39,6,1,4,4,,,,"2015-08-05 15:56:30","2015-08-05 15:56:30"
73,39,15,1,3,1,,,,"2015-08-05 15:56:30","2016-03-29 15:52:04"
74,39,14,1,4,4,,,,"2015-08-05 15:56:30","2015-08-05 15:56:30"
75,39,1,2,3,1,1750000,1800000,,"2015-08-05 15:56:30","2016-03-29 15:52:04"
78,40,23,1,1,3,,,,"2015-08-05 15:56:30","2015-08-05 15:56:30"
79,41,1,1,3,1,,,,"2015-08-05 15:56:30","2015-08-05 15:56:30"
80,42,1,1,3,1,,,,"2015-08-05 15:56:30","2015-08-05 15:56:30"
81,43,6,1,4,4,,,,"2015-08-05 15:56:30","2015-08-05 15:56:30"
82,43,10,1,4,4,,,,"2015-08-05 15:56:30","2015-08-05 15:56:30"
83,43,1,2,3,1,,,,"2015-08-05 15:56:30","2015-08-05 15:56:30"
84,44,6,1,4,4,,,,"2015-08-05 15:56:30","2015-08-05 15:56:30"
85,44,10,1,4,4,,,,"2015-08-05 15:56:30","2015-08-05 15:56:30"
86,45,6,1,4,4,,,,"2015-08-05 15:56:30","2015-08-05 15:56:30"
87,45,10,1,4,4,,,,"2015-08-05 15:56:30","2015-08-05 15:56:30"
88,46,6,1,4,4,,,,"2015-08-05 15:56:30","2015-08-05 15:56:30"
89,46,15,1,3,1,,,,"2015-08-05 15:56:30","2015-08-05 15:56:30"
90,46,14,1,4,4,,,,"2015-08-05 15:56:30","2015-08-05 15:56:30"
93,47,23,1,1,3,,,,"2015-08-05 15:56:30","2015-08-05 15:56:30"
94,48,15,1,3,1,,,,"2015-08-05 15:56:30","2015-08-05 15:56:30"
95,49,10,1,3,1,,,,"2015-08-05 15:56:30","2015-08-05 15:56:30"
97,51,6,1,4,4,,,,"2015-08-05 15:56:30","2015-08-05 15:56:30"
98,51,10,1,4,4,,,,"2015-08-05 15:56:30","2015-08-05 15:56:30"
99,52,6,1,4,4,,,,"2015-08-05 15:56:30","2015-08-05 15:56:30"
100,52,10,1,4,4,,,,"2015-08-05 15:56:30","2015-08-05 15:56:30"
101,53,30,1,3,1,,,,"2015-08-05 15:56:30","2015-08-05 15:56:30"
102,54,30,1,3,1,,,,"2015-08-05 15:56:30","2015-08-05 15:56:30"
103,54,32,2,3,1,,,,"2015-08-05 15:56:30","2015-08-05 15:56:30"
104,55,6,1,4,4,,,,"2015-08-05 15:56:30","2015-08-05 15:56:30"
105,55,10,1,4,4,,,,"2015-08-05 15:56:30","2015-08-05 15:56:30"
106,56,15,1,3,1,,,,"2015-08-05 15:56:30","2015-08-05 15:56:30"
107,56,26,1,3,1,,,,"2015-08-05 15:56:30","2015-08-05 15:56:30"
108,57,6,1,4,4,,,,"2015-08-05 15:56:30","2015-08-05 15:56:30"
109,57,10,1,4,4,,,,"2015-08-05 15:56:30","2015-08-05 15:56:30"
110,58,11,1,4,4,,,,"2015-08-05 15:56:30","2015-08-05 15:56:30"
111,59,11,1,2,3,,,,"2015-08-05 15:56:30","2015-08-05 15:56:30"
112,60,6,1,4,4,,,,"2015-08-05 15:56:30","2015-08-05 15:56:30"
113,60,10,1,4,4,,,,"2015-08-05 15:56:30","2015-08-05 15:56:30"
114,61,6,1,4,4,,,,"2015-08-05 15:56:30","2015-08-05 15:56:30"
115,61,10,1,3,3,,,,"2015-08-05 15:56:30","2015-08-05 15:56:30"
116,62,6,1,4,4,,,,"2015-08-05 15:56:30","2015-08-05 15:56:30"
117,62,10,1,3,3,,,,"2015-08-05 15:56:30","2015-08-05 15:56:30"
118,63,11,1,3,2,,,,"2015-08-05 15:56:30","2015-08-05 15:56:30"
119,64,1,1,3,1,,,,"2015-08-05 15:56:30","2015-08-05 15:56:30"
120,64,6,1,3,2,,,,"2015-08-05 15:56:30","2015-08-05 15:56:30"
121,64,10,1,3,2,,,,"2015-08-05 15:56:30","2015-08-05 15:56:30"
122,65,6,1,2,3,,,,"2015-08-05 15:56:30","2015-08-05 15:56:30"
123,65,11,1,2,3,,,,"2015-08-05 15:56:30","2015-08-05 15:56:30"
124,65,14,1,2,3,,,,"2015-08-05 15:56:30","2015-08-05 15:56:30"
125,66,11,1,2,3,,,,"2015-08-05 15:56:30","2015-08-05 15:56:30"
126,67,6,1,3,1,,,,"2015-08-05 15:56:30","2015-08-05 15:56:30"
127,67,20,1,3,1,,,,"2015-08-05 15:56:30","2015-08-05 15:56:30"
128,68,6,1,3,1,,,,"2015-08-05 15:56:30","2016-03-29 16:27:38"
129,68,15,1,3,1,,,,"2015-08-05 15:56:30","2016-03-29 16:27:38"
130,69,6,1,3,1,,,,"2015-08-05 15:56:30","2015-08-05 15:56:30"
131,69,15,1,3,1,,,,"2015-08-05 15:56:30","2016-03-29 16:27:51"
132,70,15,1,3,1,,,,"2015-08-05 15:56:30","2016-04-13 13:47:51"
133,71,6,1,3,1,,,,"2015-08-05 15:56:30","2015-08-05 15:56:30"
134,71,15,1,3,1,,,,"2015-08-05 15:56:30","2016-04-13 16:21:38"
135,72,6,1,4,4,,,,"2015-08-05 15:56:30","2015-08-05 15:56:30"
136,72,10,1,4,4,,,,"2015-08-05 15:56:30","2015-08-05 15:56:30"
137,73,11,1,3,2,,,,"2015-08-05 15:56:30","2015-08-05 15:56:30"
138,74,11,1,2,3,,,,"2015-08-05 15:56:30","2015-08-05 15:56:30"
139,75,6,1,4,4,,,,"2015-08-05 15:56:30","2015-08-05 15:56:30"
140,75,11,1,2,3,,,,"2015-08-05 15:56:30","2015-08-05 15:56:30"
141,75,14,1,4,4,,,,"2015-08-05 15:56:30","2015-08-05 15:56:30"
142,76,6,1,4,4,,,,"2015-08-05 15:56:30","2015-08-05 15:56:30"
143,76,14,1,4,4,,,,"2015-08-05 15:56:30","2015-08-05 15:56:30"
144,77,30,1,3,1,,,,"2015-08-05 15:56:30","2015-08-05 15:56:30"
145,78,30,1,3,1,,,,"2015-08-05 15:56:30","2015-08-05 15:56:30"
146,78,32,2,3,1,,,,"2015-08-05 15:56:30","2015-08-05 15:56:30"
147,79,6,1,4,4,,,,"2015-08-05 15:56:30","2015-08-05 15:56:30"
148,80,6,1,4,4,,,,"2015-08-05 15:56:30","2015-08-05 15:56:30"
149,80,10,2,4,4,,,,"2015-08-05 15:56:30","2015-08-05 15:56:30"
150,81,6,1,4,4,,,,"2015-08-05 15:56:30","2015-08-05 15:56:30"
151,81,10,1,4,4,,,,"2015-08-05 15:56:30","2015-08-05 15:56:30"
152,82,6,1,2,3,,,,"2015-08-05 15:56:30","2016-03-29 16:31:45"
153,82,11,1,2,3,,,,"2015-08-05 15:56:30","2015-08-05 15:56:30"
154,82,14,1,2,3,,,,"2015-08-05 15:56:30","2015-08-05 15:56:30"
155,83,11,1,3,2,,,,"2015-08-05 15:56:30","2015-08-05 15:56:30"
156,84,11,1,2,3,,,,"2015-08-05 15:56:30","2015-08-05 15:56:30"
157,85,6,1,2,3,,,,"2015-08-05 15:56:30","2015-08-05 15:56:30"
158,85,14,1,2,3,,,,"2015-08-05 15:56:30","2015-08-05 15:56:30"
159,86,20,1,3,1,,,,"2015-08-05 15:56:30","2016-03-29 16:32:32"
160,86,6,1,3,1,,,,"2015-08-05 15:56:30","2016-03-29 16:32:32"
161,87,20,1,3,1,,,,"2015-08-05 15:56:30","2015-08-05 15:56:30"
162,88,15,1,3,1,,,,"2015-08-05 15:56:30","2016-04-13 16:28:03"
163,88,6,2,3,1,,,,"2015-08-05 15:56:30","2015-08-05 15:56:30"
164,89,11,1,3,2,,,,"2015-08-05 15:56:30","2015-08-05 15:56:30"
165,90,11,1,2,3,,,,"2015-08-05 15:56:30","2015-08-05 15:56:30"
166,91,6,1,4,4,,,,"2015-08-05 15:56:30","2015-08-05 15:56:30"
167,91,10,1,4,4,,,,"2015-08-05 15:56:30","2015-08-05 15:56:30"
168,92,1,1,3,1,,,,"2015-08-05 15:56:30","2015-08-05 15:56:30"
169,92,2,1,3,1,,,,"2015-08-05 15:56:30","2015-08-05 15:56:30"
170,93,1,1,3,1,,,,"2015-08-05 15:56:30","2015-08-05 15:56:30"
171,94,20,1,3,1,,,,"2015-08-05 15:56:30","2015-08-05 15:56:30"
172,95,20,1,3,1,,,,"2015-08-05 15:56:30","2016-03-29 16:34:46"
173,95,6,1,3,2,,,,"2015-08-05 15:56:30","2016-03-29 16:34:46"
174,95,14,2,1,3,,,,"2015-08-05 15:56:30","2016-03-29 16:34:46"
175,96,20,1,3,1,,,,"2015-08-05 15:56:30","2015-08-05 15:56:30"
176,96,6,1,3,2,,,,"2015-08-05 15:56:30","2016-03-29 16:34:05"
177,96,14,2,1,3,,,,"2015-08-05 15:56:30","2016-03-29 16:34:05"
178,97,6,1,4,4,,,,"2015-08-05 15:56:30","2015-08-05 15:56:30"
179,97,10,1,1,3,,,,"2015-08-05 15:56:30","2015-08-05 15:56:30"
180,98,6,1,4,4,,,,"2015-08-05 15:56:30","2015-08-05 15:56:30"
181,98,15,1,3,1,,,,"2015-08-05 15:56:30","2015-08-05 15:56:30"
182,99,15,1,3,1,,,,"2015-08-05 15:56:30","2016-04-13 16:28:35"
183,100,11,1,3,2,,,,"2015-08-05 15:56:30","2015-08-05 15:56:30"
184,101,11,1,2,3,,,,"2015-08-05 15:56:30","2015-08-05 15:56:30"
185,102,6,1,2,3,,,,"2015-08-05 15:56:30","2015-08-05 15:56:30"
186,103,6,1,3,2,,,,"2015-08-05 15:56:30","2015-08-05 15:56:30"
187,103,20,1,3,1,,,,"2015-08-05 15:56:30","2015-08-05 15:56:30"
188,104,20,1,3,1,,,,"2015-08-05 15:56:30","2015-08-05 15:56:30"
189,105,20,1,3,1,,,,"2015-08-05 15:56:30","2015-08-05 15:56:30"
190,105,6,2,3,2,,,,"2015-08-05 15:56:30","2015-08-05 15:56:30"
191,106,6,1,2,3,,,,"2015-08-05 15:56:30","2015-08-05 15:56:30"
192,107,30,1,3,1,,,,"2015-08-05 15:56:30","2015-08-05 15:56:30"
193,108,30,1,3,1,,,,"2015-08-05 15:56:30","2015-08-05 15:56:30"
194,108,32,1,3,1,,,,"2015-08-05 15:56:30","2015-08-05 15:56:30"
195,109,11,1,3,2,,,,"2015-08-05 15:56:30","2015-08-05 15:56:30"
196,110,6,1,4,4,,,,"2015-08-05 15:56:30","2015-08-05 15:56:30"
197,110,1,2,3,1,,,,"2015-08-05 15:56:30","2015-08-05 15:56:30"
198,111,6,1,2,3,,,,"2015-08-05 15:56:30","2015-08-05 15:56:30"
199,111,10,2,1,3,,,,"2015-08-05 15:56:30","2015-08-05 15:56:30"
200,112,11,1,2,3,,,,"2015-08-05 15:56:30","2015-08-05 15:56:30"
201,113,11,1,3,2,,,,"2015-08-05 15:56:30","2015-08-05 15:56:30"
202,114,6,1,2,3,,,,"2015-08-05 15:56:30","2015-08-05 15:56:30"
203,115,6,1,4,4,,,,"2015-08-05 15:56:30","2015-08-05 15:56:30"
204,115,20,1,3,1,,,,"2015-08-05 15:56:30","2015-08-05 15:56:30"
205,116,20,1,3,1,,,,"2015-08-05 15:56:30","2015-08-05 15:56:30"
206,116,6,2,3,2,,,,"2015-08-05 15:56:30","2015-08-05 15:56:30"
207,117,6,1,4,4,,,,"2015-08-05 15:56:30","2015-08-05 15:56:30"
208,117,20,1,3,1,,,,"2015-08-05 15:56:30","2015-08-05 15:56:30"
209,118,6,1,2,3,,,,"2015-08-05 15:56:30","2015-08-05 15:56:30"
210,119,15,1,3,1,,,,"2015-08-05 15:56:30","2016-04-13 16:29:32"
211,119,6,2,3,1,,,,"2015-08-05 15:56:30","2015-08-05 15:56:30"
212,120,11,1,1,3,,,,"2015-08-05 15:56:30","2015-08-05 15:56:30"
213,121,11,1,3,2,,,,"2015-08-05 15:56:30","2015-08-05 15:56:30"
214,122,6,1,4,4,,,,"2015-08-05 15:56:30","2015-08-05 15:56:30"
215,122,22,1,3,1,,,,"2015-08-05 15:56:30","2015-08-05 15:56:30"
216,123,6,1,2,3,,,,"2015-08-05 15:56:30","2015-08-05 15:56:30"
217,123,10,2,1,3,,,,"2015-08-05 15:56:30","2015-08-05 15:56:30"
218,124,6,1,3,2,,,,"2015-08-05 15:56:30","2015-08-05 15:56:30"
219,124,20,1,3,1,,,,"2015-08-05 15:56:30","2015-08-05 15:56:30"
220,124,10,2,1,3,,,,"2015-08-05 15:56:30","2015-08-05 15:56:30"
221,125,20,1,3,1,,,,"2015-08-05 15:56:30","2015-08-05 15:56:30"
222,125,6,2,3,1,,,,"2015-08-05 15:56:30","2015-08-05 15:56:30"
223,126,6,1,3,2,,,,"2015-08-05 15:56:30","2015-08-05 15:56:30"
224,126,20,1,3,1,,,,"2015-08-05 15:56:30","2015-08-05 15:56:30"
225,126,10,2,1,3,,,,"2015-08-05 15:56:30","2015-08-05 15:56:30"
226,127,6,1,2,3,,,,"2015-08-05 15:56:30","2015-08-05 15:56:30"
227,127,10,2,1,3,,,,"2015-08-05 15:56:30","2015-08-05 15:56:30"
228,128,1,1,3,1,,,,"2015-08-05 15:56:30","2015-08-05 15:56:30"
229,128,2,1,3,1,,,,"2015-08-05 15:56:30","2015-08-05 15:56:30"
230,129,1,1,3,1,,,,"2015-08-05 15:56:30","2015-08-05 15:56:30"
231,130,6,1,2,3,,,,"2015-08-05 15:56:30","2015-08-05 15:56:30"
232,130,10,2,1,3,,,,"2015-08-05 15:56:30","2015-08-05 15:56:30"
233,131,30,1,3,1,,,,"2015-08-05 15:56:30","2015-08-05 15:56:30"
234,132,30,1,3,1,,,,"2015-08-05 15:56:30","2015-08-05 15:56:30"
235,133,11,1,2,3,,,,"2015-08-05 15:56:30","2015-08-05 15:56:30"
236,134,20,1,3,1,,,,"2015-08-05 15:56:30","2015-08-05 15:56:30"
237,135,20,1,3,1,,,,"2015-08-05 15:56:30","2015-08-05 15:56:30"
238,135,6,2,3,1,,,,"2015-08-05 15:56:30","2015-08-05 15:56:30"
239,136,6,1,3,2,,,,"2015-08-05 15:56:30","2015-08-05 15:56:30"
240,136,20,1,3,1,,,,"2015-08-05 15:56:30","2015-08-05 15:56:30"
241,137,6,1,2,3,,,,"2015-08-05 15:56:30","2015-08-05 15:56:30"
242,138,15,1,3,1,,,,"2015-08-05 15:56:30","2016-04-13 16:39:13"
243,138,6,2,3,1,,,,"2015-08-05 15:56:30","2016-04-13 16:39:13"
244,139,6,1,2,3,,,,"2015-08-05 15:56:30","2015-08-05 15:56:30"
245,140,6,1,3,2,,,1,"2015-08-05 15:56:30","2018-09-10 12:38:48"
246,140,20,1,3,1,,,3,"2015-08-05 15:56:30","2018-09-10 12:38:48"
247,141,20,1,3,1,,,1,"2015-08-05 15:56:30","2017-02-08 19:36:19"
248,141,6,2,3,1,,,3,"2015-08-05 15:56:30","2017-02-08 19:36:19"
249,142,11,1,3,2,,,1,"2015-08-05 15:56:30","2017-02-08 19:37:23"
250,143,11,1,2,3,,,1,"2015-08-05 15:56:30","2017-02-08 19:38:48"
251,144,6,1,2,3,,,1,"2015-08-05 15:56:30","2017-02-08 19:40:00"
252,145,6,1,2,3,,,1,"2015-08-05 15:56:30","2017-02-14 10:53:20"
253,145,32,2,3,1,,,3,"2015-08-05 15:56:30","2017-02-14 10:53:20"
254,146,1,1,3,1,,,1,"2015-08-05 15:56:30","2017-02-14 10:54:32"
255,146,2,1,3,1,,,3,"2015-08-05 15:56:30","2017-02-14 10:54:32"
256,147,6,1,2,3,,,1,"2015-08-05 15:56:30","2017-02-08 19:43:56"
257,147,10,2,1,3,,,3,"2015-08-05 15:56:30","2017-02-08 19:43:56"
258,148,15,1,3,1,,,,"2015-08-05 15:56:30","2015-08-05 15:56:30"
259,149,6,1,3,2,,,1,"2015-08-05 15:56:30","2018-09-10 12:46:19"
260,149,20,1,3,1,,,3,"2015-08-05 15:56:30","2018-09-10 12:46:19"
261,150,6,1,2,3,,,1,"2015-08-05 15:56:30","2017-02-08 19:50:18"
262,151,15,1,3,1,,,,"2015-08-05 15:56:30","2016-04-13 16:39:52"
263,152,6,1,2,3,,,1,"2015-08-05 15:56:30","2017-02-14 11:10:03"
264,153,30,1,3,1,,,1,"2015-08-05 15:56:30","2017-02-14 11:11:46"
265,153,32,2,3,1,,,3,"2015-08-05 15:56:30","2017-02-14 11:11:46"
266,154,30,1,3,1,,,,"2015-08-05 15:56:30","2015-08-05 15:56:30"
267,155,6,1,2,3,,,1,"2015-08-05 15:56:30","2017-02-14 11:15:39"
268,155,10,2,1,3,,,3,"2015-08-05 15:56:30","2017-02-14 11:15:39"
269,156,1,1,3,1,,,1,"2015-08-05 15:56:30","2017-02-14 11:17:21"
270,156,2,1,3,1,,,3,"2015-08-05 15:56:30","2017-02-14 11:17:21"
271,157,20,1,3,1,,,1,"2015-08-05 15:56:30","2017-02-14 11:21:45"
272,158,6,1,4,4,,,1,"2015-08-05 15:56:30","2017-02-14 11:19:00"
273,159,6,1,4,4,,,1,"2015-08-05 15:56:30","2017-02-14 11:22:36"
274,160,11,1,3,2,,,1,"2015-08-05 15:56:30","2017-02-14 11:23:56"
275,161,15,1,3,1,,,,"2015-08-05 15:56:30","2016-04-13 16:40:24"
276,162,6,1,2,3,,,1,"2015-08-05 15:56:30","2017-02-14 11:41:31"
277,163,6,1,2,3,,,1,"2015-08-05 15:56:30","2017-02-14 11:42:30"
278,163,10,2,1,3,,,3,"2015-08-05 15:56:30","2017-02-14 11:42:30"
279,164,6,1,4,4,,,1,"2015-08-05 15:56:30","2018-09-10 12:12:48"
280,164,11,1,2,3,,,3,"2015-08-05 15:56:30","2018-09-10 12:12:48"
281,165,6,1,2,3,,,1,"2015-08-05 15:56:30","2018-09-10 12:22:43"
282,165,10,1,2,3,,,3,"2015-08-05 15:56:30","2018-09-10 12:22:43"
283,166,6,1,2,3,,,1,"2015-08-05 15:56:30","2018-09-10 12:25:05"
284,166,14,1,1,3,,,3,"2015-08-05 15:56:30","2018-09-10 12:25:05"
285,167,1,1,3,1,,,1,"2015-08-05 15:56:30","2017-02-14 11:46:14"
286,167,2,1,3,1,,,3,"2015-08-05 15:56:30","2017-02-14 11:46:14"
287,168,30,1,3,1,,,,"2015-08-05 15:56:30","2015-08-05 15:56:30"
288,169,30,1,3,1,,,,"2015-08-05 15:56:30","2015-08-05 15:56:30"
289,170,6,1,2,3,,,1,"2015-08-05 15:56:30","2018-09-06 08:22:37"
290,170,10,1,1,3,,,3,"2015-08-05 15:56:30","2018-09-06 08:22:37"
291,171,15,1,3,1,,,,"2015-08-05 15:56:30","2015-08-05 15:56:30"
292,172,6,1,2,3,,,1,"2015-08-05 15:56:30","2018-09-06 08:25:40"
293,172,10,1,1,3,,,3,"2015-08-05 15:56:30","2018-09-06 08:25:40"
294,173,22,1,3,1,,,,"2015-08-05 15:56:30","2015-08-05 15:56:30"
295,174,20,1,3,1,,,1,"2015-08-05 15:56:30","2017-02-14 11:50:47"
296,175,15,1,3,1,,,,"2015-08-05 15:56:30","2016-04-13 16:40:49"
297,176,6,1,1,3,,,1,"2015-08-05 15:56:30","2018-09-06 08:44:41"
298,176,10,1,3,1,,,3,"2015-08-05 15:56:30","2018-09-06 08:44:41"
299,177,6,1,3,2,,,,"2015-08-05 15:56:30","2015-08-05 15:56:30"
300,177,10,1,3,2,,,,"2015-08-05 15:56:30","2015-08-05 15:56:30"
301,178,6,1,2,3,,,1,"2015-08-05 15:56:30","2018-09-06 08:50:53"
302,178,10,1,1,3,,,3,"2015-08-05 15:56:30","2018-09-06 08:50:53"
303,179,3,1,3,1,,,1,"2015-08-05 15:56:30","2016-03-31 11:59:14"
304,179,6,1,3,2,,,3,"2015-08-05 15:56:30","2016-03-31 11:59:45"
305,179,10,1,3,2,,,5,"2015-08-05 15:56:30","2016-03-31 12:00:23"
306,180,1,1,3,1,,,1,"2015-08-05 15:56:30","2018-09-05 13:27:54"
307,180,2,1,3,1,,,3,"2015-08-05 15:56:30","2018-09-05 13:27:54"
309,181,10,1,4,4,,,3,"2015-08-05 15:56:30","2018-09-05 13:28:47"
313,182,10,1,4,4,,,7,"2015-08-05 15:56:30","2017-02-15 14:55:04"
316,183,10,1,2,3,,,1,"2015-08-05 15:56:30","2017-02-15 14:59:35"
318,184,10,1,3,2,,,3,"2015-08-05 15:56:30","2018-09-05 13:32:36"
320,185,10,1,4,4,,,3,"2015-08-05 15:56:30","2018-09-05 13:34:13"
322,186,10,1,3,2,,,3,"2015-08-05 15:56:30","2016-03-30 14:45:37"
323,186,22,2,3,1,,,5,"2015-08-05 15:56:30","2017-02-15 18:15:02"
325,187,10,1,3,2,,,3,"2015-08-05 15:56:30","2016-03-30 15:06:08"
327,188,10,1,2,3,,,3,"2015-08-05 15:56:30","2016-03-30 15:09:17"
329,189,10,1,2,3,,,3,"2015-08-05 15:56:30","2016-03-30 15:12:06"
330,189,32,2,3,1,,,6,"2015-08-05 15:56:30","2018-09-05 13:16:28"
332,190,10,1,3,2,,,3,"2015-08-05 15:56:30","2016-03-30 15:14:27"
334,191,10,1,3,2,,,3,"2015-08-05 15:56:30","2016-03-30 15:29:03"
335,191,32,2,3,1,,,6,"2015-08-05 15:56:30","2017-02-15 18:29:37"
337,192,10,1,2,3,,,3,"2015-08-05 15:56:30","2016-03-30 15:31:47"
339,193,10,1,2,3,,,3,"2015-08-05 15:56:30","2016-03-30 15:33:06"
343,195,10,1,2,3,,,3,"2015-08-05 15:56:30","2016-03-30 15:37:16"
344,196,6,1,2,3,,,1,"2015-08-05 15:56:30","2016-03-30 15:39:12"
345,196,10,1,2,3,,,3,"2015-08-05 15:56:30","2016-03-30 15:39:12"
346,196,23,2,2,3,46000000,47000000,5,"2015-08-05 15:56:30","2017-02-15 18:32:42"
348,197,14,1,2,3,,,3,"2015-08-05 15:56:30","2016-03-30 14:15:10"
350,198,14,1,3,2,,,3,"2015-08-05 15:56:30","2018-09-05 12:55:18"
352,199,1,2,3,1,,,5,"2015-08-05 15:56:30","2017-02-15 18:34:52"
353,199,14,1,3,2,,,3,"2015-08-05 15:56:30","2018-08-29 08:52:30"
355,200,14,1,3,2,,,3,"2015-08-05 15:56:30","2018-08-29 08:55:23"
357,201,14,1,4,4,,,3,"2015-08-05 15:56:30","2016-03-30 15:50:39"
358,201,23,2,3,1,,,10,"2015-08-05 15:56:30","2017-02-15 18:42:14"
361,202,14,1,4,4,,,3,"2015-08-05 15:56:30","2018-08-29 09:03:15"
362,202,23,2,3,1,,,7,"2015-08-05 15:56:30","2017-02-15 18:43:26"
363,203,14,1,3,2,,,1,"2015-08-05 15:56:30","2018-08-29 09:05:30"
364,203,23,2,3,1,,,3,"2015-08-05 15:56:30","2017-02-15 18:45:40"
366,204,14,1,3,1,,,1,"2015-08-05 15:56:30","2018-08-29 09:07:15"
367,204,23,2,3,1,,,8,"2015-08-05 15:56:30","2018-11-10 10:04:08"
369,205,10,1,3,2,,,1,"2015-08-05 15:56:30","2018-08-29 09:11:14"
371,206,10,1,1,3,,,1,"2015-08-05 15:56:30","2017-02-15 19:24:16"
373,207,10,1,3,2,,,1,"2015-08-05 15:56:30","2018-08-29 09:15:55"
375,208,10,1,3,2,,,1,"2015-08-05 15:56:30","2018-08-29 09:19:37"
377,209,10,1,3,2,,,1,"2015-08-05 15:56:30","2018-08-29 09:22:50"
378,210,25,1,4,4,,,1,"2015-08-05 15:56:30","2017-02-15 19:29:35"
380,211,10,1,3,1,,,1,"2015-08-05 15:56:30","2017-02-15 19:30:16"
382,212,10,1,4,4,,,1,"2015-08-05 15:56:30","2017-02-15 19:32:01"
384,213,10,1,3,2,,,1,"2015-08-05 15:56:30","2017-02-15 19:33:08"
385,214,20,1,3,1,,,,"2015-08-05 15:56:30","2015-08-05 15:56:30"
386,215,25,1,4,4,,,1,"2015-08-05 15:56:30","2017-02-15 19:41:29"
387,216,11,1,3,2,,,1,"2015-08-05 15:56:30","2018-08-28 10:12:56"
390,218,11,1,4,4,,,1,"2015-08-05 15:56:30","2017-02-15 19:44:31"
392,219,11,1,1,3,,,1,"2015-08-05 15:56:30","2017-02-16 09:42:58"
393,219,4,2,3,1,,,5,"2015-08-05 15:56:30","2018-08-28 09:55:04"
395,219,9,2,3,1,,,7,"2015-08-05 15:56:30","2018-08-28 09:55:04"
396,219,16,1,1,3,,,3,"2015-08-05 15:56:30","2018-08-28 09:59:39"
397,219,32,2,3,1,,,9,"2015-08-05 15:56:30","2018-08-28 09:55:04"
398,220,11,1,1,3,,,1,"2015-08-05 15:56:30","2017-02-16 09:44:50"
399,220,4,2,3,1,,,3,"2015-08-05 15:56:30","2018-08-28 09:42:08"
401,220,9,2,3,1,,,5,"2015-08-05 15:56:30","2018-08-28 09:42:08"
402,220,16,2,3,1,,,7,"2015-08-05 15:56:30","2017-02-16 09:44:50"
403,220,10,2,1,3,,,9,"2015-08-05 15:56:30","2018-08-28 09:42:08"
404,220,32,2,3,1,,,11,"2015-08-05 15:56:30","2018-08-28 09:42:08"
405,221,11,1,1,3,,,1,"2015-08-05 15:56:30","2017-02-16 09:45:52"
406,221,4,2,3,1,,,5,"2015-08-05 15:56:30","2018-08-28 09:46:26"
408,221,9,2,3,1,,,7,"2015-08-05 15:56:30","2018-08-28 09:46:26"
409,221,16,1,1,3,,,3,"2015-08-05 15:56:30","2018-08-28 10:00:41"
410,221,10,2,1,3,,,9,"2015-08-05 15:56:30","2018-08-28 09:46:26"
411,221,32,2,3,1,,,11,"2015-08-05 15:56:30","2018-08-28 09:46:26"
412,222,11,1,1,3,,,1,"2015-08-05 15:56:30","2017-02-16 09:46:57"
413,222,4,2,3,1,,,5,"2015-08-05 15:56:30","2018-08-28 09:49:29"
415,222,9,2,3,1,,,7,"2015-08-05 15:56:30","2018-08-28 09:49:29"
416,222,16,1,1,3,,,3,"2015-08-05 15:56:30","2018-08-28 10:01:54"
417,222,10,2,1,3,,,9,"2015-08-05 15:56:30","2018-08-28 09:49:29"
418,222,32,2,3,1,,,11,"2015-08-05 15:56:30","2018-08-28 09:49:29"
419,223,11,1,1,3,,,,"2015-08-05 15:56:30","2015-08-05 15:56:30"
420,223,14,1,1,3,,,,"2015-08-05 15:56:30","2015-08-05 15:56:30"
421,223,32,2,3,1,,,,"2015-08-05 15:56:30","2015-08-05 15:56:30"
422,224,11,1,1,3,,,1,"2015-08-05 15:56:30","2018-08-28 09:37:50"
423,224,14,2,1,3,,,3,"2015-08-05 15:56:30","2018-08-28 09:37:50"
424,224,32,2,3,1,,,5,"2015-08-05 15:56:30","2017-02-16 09:49:07"
425,225,11,1,1,3,,,1,"2015-08-05 15:56:30","2018-08-28 09:38:05"
426,225,14,2,1,3,,,3,"2015-08-05 15:56:30","2018-08-28 09:38:05"
427,225,32,2,3,1,,,5,"2015-08-05 15:56:30","2017-02-16 10:07:17"
428,226,1,1,3,1,,,1,"2015-08-05 15:56:30","2017-02-16 10:08:18"
429,226,2,1,3,1,,,3,"2015-08-05 15:56:30","2017-02-16 10:08:18"
431,227,10,1,3,1,,,1,"2015-08-05 15:56:30","2018-01-18 16:26:32"
433,228,10,1,3,1,,,1,"2015-08-05 15:56:30","2017-02-16 10:10:01"
434,228,16,1,3,1,,,8,"2015-08-05 15:56:30","2018-01-26 10:11:46"
435,228,4,1,3,1,,,11,"2015-08-05 15:56:30","2018-01-26 10:11:46"
436,229,16,1,3,1,,,3,"2015-08-05 15:56:30","2017-02-16 10:11:00"
439,230,10,1,3,1,,,1,"2015-08-05 15:56:30","2017-02-16 12:30:34"
440,230,22,1,3,1,,,18,"2015-08-05 15:56:30","2018-02-13 18:51:27"
448,233,10,1,3,1,,,1,"2015-08-05 15:56:30","2017-02-16 12:33:03"
449,233,3,2,3,1,,,5,"2015-08-05 15:56:30","2018-02-15 16:33:16"
451,234,10,1,4,4,,,1,"2015-08-05 15:56:30","2017-02-16 12:36:21"
452,234,3,2,3,1,,,6,"2015-08-05 15:56:30","2018-01-18 17:53:19"
454,235,10,1,2,3,,,1,"2015-08-05 15:56:30","2017-02-16 12:37:09"
456,236,10,1,3,2,,,1,"2015-08-05 15:56:30","2017-02-16 12:37:59"
457,237,15,1,3,1,,,6,"2015-08-05 15:56:30","2018-01-18 18:07:46"
459,237,14,1,3,1,156487500,156512500,1,"2015-08-05 15:56:30","2018-01-18 18:07:46"
461,237,14,1,3,1,156537500,156562500,4,"2015-08-05 15:56:30","2018-01-18 18:07:46"
463,238,10,1,3,1,,,1,"2015-08-05 15:56:30","2017-02-16 12:39:30"
464,239,10,1,3,1,,,1,"2015-08-05 15:56:30","2018-01-18 18:25:05"
465,239,15,1,3,1,,,2,"2015-08-05 15:56:30","2018-01-18 18:25:05"
467,240,10,1,4,4,,,1,"2015-08-05 15:56:30","2018-01-22 17:40:33"
469,241,10,1,3,1,,,1,"2015-08-05 15:56:30","2018-01-23 18:11:47"
471,242,10,1,3,1,,,1,"2015-08-05 15:56:30","2017-02-16 12:42:49"
472,242,16,2,3,1,161962500,161987500,4,"2015-08-05 15:56:30","2018-02-16 15:48:53"
475,243,10,1,3,1,,,1,"2015-08-05 15:56:30","2017-02-16 12:43:26"
479,245,10,1,3,1,,,3,"2015-08-05 15:56:30","2017-04-13 11:33:19"
481,246,10,1,3,1,,,,"2015-08-05 15:56:30","2015-08-05 15:56:30"
482,247,20,1,3,1,,,1,"2015-08-05 15:56:30","2016-11-13 13:45:48"
483,247,14,1,3,1,,,31,"2015-08-05 15:56:30","2018-01-08 16:29:34"
484,248,20,1,3,1,,,1,"2015-08-05 15:56:30","2016-11-13 13:49:05"
485,248,14,1,3,1,,,7,"2015-08-05 15:56:30","2018-01-05 16:50:21"
487,249,10,1,1,3,,,1,"2015-08-05 15:56:30","2017-02-16 13:04:03"
489,250,10,1,1,3,,,1,"2015-08-05 15:56:30","2017-02-17 10:23:41"
491,251,10,1,4,4,,,1,"2015-08-05 15:56:30","2017-02-17 10:25:36"
493,252,10,1,1,3,,,1,"2015-08-05 15:56:30","2017-02-17 10:27:48"
495,253,10,1,1,3,,,1,"2015-08-05 15:56:30","2017-02-17 10:30:35"
497,254,10,1,1,3,,,,"2015-08-05 15:56:30","2015-08-05 15:56:30"
499,255,10,1,1,3,,,,"2015-08-05 15:56:30","2015-08-05 15:56:30"
501,256,10,1,1,3,,,,"2015-08-05 15:56:30","2015-08-05 15:56:30"
503,257,10,1,1,3,,,,"2015-08-05 15:56:30","2015-08-05 15:56:30"
505,258,10,1,1,3,,,,"2015-08-05 15:56:30","2015-08-05 15:56:30"
506,259,25,1,4,4,,,,"2015-08-05 15:56:30","2015-12-09 09:35:39"
508,260,10,1,1,3,,,,"2015-08-05 15:56:30","2015-08-05 15:56:30"
509,261,10,1,3,2,,,,"2015-08-05 15:56:30","2015-08-05 15:56:30"
510,262,10,1,3,2,,,,"2015-08-05 15:56:30","2015-08-05 15:56:30"
512,263,10,1,1,3,,,,"2015-08-05 15:56:30","2015-08-05 15:56:30"
514,264,10,1,1,3,,,,"2015-08-05 15:56:30","2015-08-05 15:56:30"
515,265,10,1,3,2,,,,"2015-08-05 15:56:30","2015-08-05 15:56:30"
516,266,10,1,3,2,,,,"2015-08-05 15:56:30","2015-08-05 15:56:30"
518,267,10,1,1,3,,,,"2015-08-05 15:56:30","2015-08-05 15:56:30"
519,268,16,1,3,1,,,,"2015-08-05 15:56:30","2016-04-28 16:55:57"
521,269,31,1,3,1,,,,"2015-08-05 15:56:30","2015-08-05 15:56:30"
522,270,3,1,3,1,,,1,"2015-08-05 15:56:30","2018-04-05 14:48:45"
523,270,9,1,3,1,,,3,"2015-08-05 15:56:30","2018-04-05 14:44:14"
524,270,16,1,3,1,,,5,"2015-08-05 15:56:30","2018-04-05 14:44:14"
525,270,32,1,3,1,,,7,"2015-08-05 15:56:30","2018-04-05 14:44:14"
526,270,4,2,3,1,,,9,"2015-08-05 15:56:30","2017-02-20 12:34:27"
527,271,3,1,3,1,,,1,"2015-08-05 15:56:30","2018-04-05 14:53:53"
528,271,4,1,3,1,,,3,"2015-08-05 15:56:30","2018-04-05 14:51:16"
529,271,5,1,3,1,,,5,"2015-08-05 15:56:30","2018-04-05 14:51:16"
530,271,9,1,3,1,,,7,"2015-08-05 15:56:30","2018-04-05 14:51:16"
533,272,3,1,3,2,,,1,"2015-08-05 15:56:30","2018-04-05 15:01:08"
534,272,5,1,3,1,,,3,"2015-08-05 15:56:30","2017-02-20 12:38:11"
535,272,9,1,3,1,,,5,"2015-08-05 15:56:30","2018-04-05 15:01:08"
537,272,10,2,3,1,,,7,"2015-08-05 15:56:30","2018-04-05 15:03:26"
538,273,3,1,3,2,,,1,"2015-08-05 15:56:30","2017-02-20 12:42:43"
541,274,3,1,3,2,,,1,"2015-08-05 15:56:30","2018-04-05 15:22:00"
543,274,10,1,1,3,,,3,"2015-08-05 15:56:30","2018-04-05 15:22:00"
544,275,16,1,3,1,,,,"2015-08-05 15:56:30","2015-08-05 15:56:30"
546,276,14,1,3,2,,,1,"2015-08-05 15:56:30","2018-04-05 16:49:50"
547,276,22,1,3,1,,,5,"2015-08-05 15:56:30","2017-02-20 12:49:12"
549,277,10,1,3,2,,,1,"2015-08-05 15:56:30","2017-02-20 12:50:27"
550,277,32,2,3,1,,,5,"2015-08-05 15:56:30","2018-04-05 17:35:14"
552,278,10,1,3,2,,,1,"2015-08-05 15:56:30","2017-02-20 13:04:39"
553,278,32,2,3,1,,,6,"2015-08-05 15:56:30","2018-04-05 17:38:39"
555,279,10,1,3,2,,,1,"2015-08-05 15:56:30","2017-02-20 13:06:29"
556,279,23,2,3,1,,,7,"2015-08-05 15:56:30","2018-04-05 17:45:45"
557,280,1,1,3,1,,,,"2015-08-05 15:56:30","2015-08-05 15:56:30"
558,280,23,1,3,1,,,,"2015-08-05 15:56:30","2015-08-05 15:56:30"
559,280,14,2,3,2,,,,"2015-08-05 15:56:30","2015-08-05 15:56:30"
560,281,1,1,3,1,,,,"2015-08-05 15:56:30","2015-08-05 15:56:30"
561,281,2,1,3,1,,,,"2015-08-05 15:56:30","2016-05-11 13:07:54"
562,281,23,1,3,1,,,,"2015-08-05 15:56:30","2015-08-05 15:56:30"
563,281,5,2,3,1,,,,"2015-08-05 15:56:30","2016-05-11 13:07:54"
564,281,14,2,3,2,,,,"2015-08-05 15:56:30","2015-08-05 15:56:30"
565,282,1,1,3,1,,,,"2015-08-05 15:56:30","2015-08-05 15:56:30"
566,282,14,2,3,1,,,,"2015-08-05 15:56:30","2015-08-05 15:56:30"
568,283,10,1,3,2,,,1,"2015-08-05 15:56:30","2016-06-03 13:51:06"
570,284,10,1,3,1,,,1,"2015-08-05 15:56:30","2017-02-20 13:15:33"
571,284,23,2,3,2,,,12,"2015-08-05 15:56:30","2018-04-10 17:17:09"
572,285,10,1,3,1,,,1,"2015-08-05 15:56:30","2017-02-20 17:38:24"
573,286,10,1,3,1,,,1,"2015-08-05 15:56:30","2017-02-20 17:38:52"
574,287,10,1,3,1,,,,"2015-08-05 15:56:30","2016-07-16 13:02:25"
575,288,10,1,3,1,,,1,"2015-08-05 15:56:30","2017-02-20 17:39:51"
576,289,10,1,3,1,,,1,"2015-08-05 15:56:30","2017-02-20 13:20:04"
578,290,20,1,3,1,,,,"2015-08-05 15:56:30","2015-08-05 15:56:30"
579,290,22,2,3,1,608000000,614000000,,"2015-08-05 15:56:30","2015-10-14 14:50:02"
580,290,14,2,3,1,,,,"2015-08-05 15:56:30","2015-08-05 15:56:30"
581,290,23,2,3,1,470000000,494000000,,"2015-08-05 15:56:30","2015-10-14 14:50:02"
582,291,20,1,3,1,,,8,"2015-08-05 15:56:30","2018-04-27 13:06:20"
585,292,10,1,3,1,,,1,"2015-08-05 15:56:30","2017-02-20 13:29:41"
588,294,10,1,3,1,,,1,"2015-08-05 15:56:30","2016-07-13 18:13:46"
589,295,10,1,3,1,,,1,"2015-08-05 15:56:30","2016-07-13 15:29:54"
590,295,23,2,1,3,,,8,"2015-08-05 15:56:30","2016-07-13 15:29:35"
591,296,10,1,3,1,,,,"2015-08-05 15:56:30","2015-11-23 17:33:53"
592,297,25,1,4,4,,,1,"2015-08-05 15:56:30","2017-03-30 10:22:09"
593,297,11,1,4,4,,,3,"2015-08-05 15:56:30","2017-03-30 10:22:09"
594,298,25,1,4,4,,,1,"2015-08-05 15:56:30","2017-03-30 10:27:33"
595,298,11,1,4,4,,,3,"2015-08-05 15:56:30","2017-03-30 10:27:33"
596,298,6,2,3,1,,,5,"2015-08-05 15:56:30","2017-02-20 13:36:48"
597,299,25,1,4,4,,,1,"2015-08-05 15:56:30","2018-05-22 09:27:27"
598,299,27,1,4,4,,,3,"2015-08-05 15:56:30","2017-03-30 10:38:03"
599,299,6,2,3,1,,,9,"2015-08-05 15:56:30","2017-02-20 13:38:22"
600,300,5,1,3,1,,,1,"2015-08-05 15:56:30","2017-03-30 10:47:28"
601,300,23,1,4,4,,,3,"2015-08-05 15:56:30","2017-03-30 10:47:28"
602,300,27,1,4,4,,,5,"2015-08-05 15:56:30","2017-03-30 10:47:28"
603,300,32,1,3,1,,,8,"2015-08-05 15:56:30","2017-03-30 10:47:28"
604,301,5,1,3,1,,,1,"2015-08-05 15:56:30","2017-03-30 13:05:47"
605,301,23,1,4,4,,,3,"2015-08-05 15:56:30","2017-03-30 13:05:47"
606,301,27,1,4,4,,,6,"2015-08-05 15:56:30","2017-03-30 13:05:47"
607,301,32,1,3,1,,,11,"2015-08-05 15:56:30","2017-03-30 13:05:47"
608,301,1,2,3,1,,,13,"2015-08-05 15:56:30","2017-02-23 09:22:30"
609,302,23,1,4,4,,,1,"2015-08-05 15:56:30","2017-04-05 14:50:02"
610,302,25,1,4,4,,,3,"2015-08-05 15:56:30","2017-04-05 14:50:02"
611,302,27,1,4,4,,,5,"2015-08-05 15:56:30","2017-04-05 14:50:02"
612,303,6,1,3,1,,,1,"2015-08-05 15:56:30","2018-05-22 09:39:44"
613,303,10,1,4,4,,,3,"2015-08-05 15:56:30","2017-04-07 09:28:22"
614,303,23,1,4,4,,,5,"2015-08-05 15:56:30","2017-04-07 09:28:22"
616,303,5,2,3,1,,,9,"2015-08-05 15:56:30","2017-02-23 09:25:36"
617,303,32,2,3,1,,,11,"2015-08-05 15:56:30","2017-02-23 09:25:36"
618,304,5,1,3,1,,,1,"2015-08-05 15:56:30","2017-04-07 12:56:07"
619,304,22,1,3,1,,,3,"2015-08-05 15:56:30","2017-04-07 12:56:07"
620,304,32,1,3,1,,,5,"2015-08-05 15:56:30","2017-04-07 12:56:07"
621,305,4,1,3,1,,,1,"2015-08-05 15:56:30","2017-04-07 13:03:22"
622,305,6,1,3,1,,,3,"2015-08-05 15:56:30","2018-05-22 10:14:09"
623,305,10,1,1,3,,,5,"2015-08-05 15:56:30","2018-05-22 10:13:16"
624,306,6,1,3,1,,,1,"2015-08-05 15:56:30","2018-05-22 10:17:08"
625,306,10,1,4,4,,,3,"2015-08-05 15:56:30","2017-04-07 13:15:42"
626,307,10,1,3,1,,,1,"2015-08-05 15:56:30","2018-05-22 10:21:06"
627,307,20,1,3,1,,,3,"2015-08-05 15:56:30","2017-02-23 09:29:32"
628,307,21,2,3,1,,,5,"2015-08-05 15:56:30","2018-05-22 10:21:06"
629,307,6,2,3,1,,,7,"2015-08-05 15:56:30","2017-02-23 09:29:32"
630,308,6,1,3,1,,,1,"2015-08-05 15:56:30","2018-05-22 10:48:20"
631,308,10,1,2,3,,,3,"2015-08-05 15:56:30","2017-04-07 09:36:13"
632,309,6,1,3,1,,,1,"2015-08-05 15:56:30","2018-05-22 10:50:48"
633,309,10,1,4,4,,,3,"2015-08-05 15:56:30","2017-04-07 09:37:24"
634,309,16,1,3,1,,,5,"2015-08-05 15:56:30","2017-04-07 09:37:24"
635,310,4,1,3,1,,,1,"2015-08-05 15:56:30","2018-05-22 10:53:23"
636,310,6,1,3,1,,,3,"2015-08-05 15:56:30","2017-02-23 09:34:33"
637,310,16,1,3,2,,,5,"2015-08-05 15:56:30","2018-05-22 10:54:51"
638,310,5,2,3,1,,,7,"2015-08-05 15:56:30","2018-05-22 10:53:23"
639,310,10,2,3,2,,,9,"2015-08-05 15:56:30","2018-05-22 10:55:44"
640,311,4,1,3,1,,,1,"2015-08-05 15:56:30","2017-04-07 09:38:50"
641,311,16,1,3,2,,,3,"2015-08-05 15:56:30","2018-05-22 11:28:12"
642,311,5,2,3,1,,,5,"2015-08-05 15:56:30","2017-04-07 09:38:50"
643,311,6,2,3,2,,,7,"2015-08-05 15:56:30","2017-02-23 09:35:16"
644,311,10,2,3,2,,,9,"2015-08-05 15:56:30","2017-04-07 09:38:50"
645,312,16,1,3,2,,,,"2015-08-05 15:56:30","2018-05-23 14:12:52"
646,313,16,1,3,2,,,,"2015-08-05 15:56:30","2018-05-23 14:14:14"
647,314,16,1,3,2,,,,"2015-08-05 15:56:30","2018-05-23 14:15:18"
648,315,16,1,3,2,,,,"2015-08-05 15:56:30","2018-05-23 14:16:23"
649,316,25,1,4,4,,,1,"2015-08-05 15:56:30","2017-04-07 12:20:30"
650,316,27,1,4,4,,,3,"2015-08-05 15:56:30","2017-04-07 12:20:30"
651,317,17,1,4,4,,,1,"2015-08-05 15:56:30","2017-04-07 12:24:33"
652,317,16,1,3,1,,,3,"2015-08-05 15:56:30","2017-02-23 09:50:23"
653,317,25,1,4,4,,,5,"2015-08-05 15:56:30","2017-04-07 12:24:33"
654,317,34,2,1,3,,,7,"2015-08-05 15:56:30","2017-02-23 09:50:23"
655,318,17,1,4,4,,,1,"2015-08-05 15:56:30","2017-04-07 12:29:01"
656,318,16,1,3,1,,,3,"2015-08-05 15:56:30","2017-04-07 12:29:01"
657,318,25,1,4,4,,,7,"2015-08-05 15:56:30","2017-04-07 12:29:01"
658,318,22,1,3,1,,,5,"2015-08-05 15:56:30","2017-04-07 12:29:01"
659,318,34,2,1,3,,,9,"2015-08-05 15:56:30","2017-02-23 09:51:03"
660,319,17,1,4,4,,,1,"2015-08-05 15:56:30","2017-04-07 12:33:39"
661,319,16,1,3,1,,,3,"2015-08-05 15:56:30","2017-02-23 09:51:42"
662,319,25,1,4,4,,,5,"2015-08-05 15:56:30","2017-04-07 12:33:39"
663,319,16,2,3,1,,,7,"2015-08-05 15:56:30","2017-02-23 09:51:42"
664,319,34,2,1,3,,,9,"2015-08-05 15:56:30","2017-02-23 09:51:42"
665,320,16,1,3,2,,,,"2015-08-05 15:56:30","2018-05-23 14:25:44"
666,321,16,1,3,2,,,,"2015-08-05 15:56:30","2018-05-23 14:29:42"
667,322,16,1,3,2,,,,"2015-08-05 15:56:30","2018-05-23 14:36:19"
668,323,16,1,3,2,,,,"2015-08-05 15:56:30","2018-05-23 14:37:25"
669,324,16,1,3,2,,,1,"2015-08-05 15:56:30","2018-05-23 14:38:33"
670,324,22,1,3,1,,,3,"2015-08-05 15:56:30","2017-04-05 19:28:27"
671,325,22,1,3,1,,,1,"2015-08-05 15:56:30","2017-04-05 19:31:00"
672,325,32,1,3,1,,,3,"2015-08-05 15:56:30","2017-04-05 19:31:00"
673,325,6,2,1,3,,,5,"2015-08-05 15:56:30","2017-04-05 19:31:00"
674,325,10,2,1,3,,,7,"2015-08-05 15:56:30","2017-04-05 19:31:00"
675,326,16,1,3,1,,,1,"2015-08-05 15:56:30","2017-04-05 19:34:14"
676,326,22,1,3,1,,,3,"2015-08-05 15:56:30","2017-02-23 10:03:29"
677,326,32,1,3,1,,,5,"2015-08-05 15:56:30","2017-04-05 19:34:14"
678,326,6,2,1,3,,,7,"2015-08-05 15:56:30","2017-04-05 19:34:14"
679,326,10,2,1,3,,,9,"2015-08-05 15:56:30","2017-04-05 19:34:14"
680,327,3,1,3,1,,,1,"2015-08-05 15:56:30","2017-04-05 19:38:09"
681,327,6,1,4,4,,,3,"2015-08-05 15:56:30","2017-02-23 10:04:15"
682,327,10,1,1,3,,,5,"2015-08-05 15:56:30","2017-04-05 19:38:09"
683,327,16,1,3,1,,,7,"2015-08-05 15:56:30","2017-04-05 19:38:09"
684,327,22,1,3,1,,,9,"2015-08-05 15:56:30","2017-04-05 19:38:09"
685,328,3,1,3,1,,,1,"2015-08-05 15:56:30","2017-04-05 19:40:39"
686,328,9,1,3,1,,,3,"2015-08-05 15:56:30","2017-04-05 19:40:39"
687,328,10,1,3,2,,,5,"2015-08-05 15:56:30","2017-04-05 19:40:39"
688,328,16,1,3,1,,,7,"2015-08-05 15:56:30","2017-04-05 19:40:39"
689,328,6,2,1,3,,,9,"2015-08-05 15:56:30","2017-02-23 10:04:58"
690,329,3,1,3,1,,,1,"2015-08-05 15:56:30","2017-04-05 19:42:16"
691,329,6,1,4,4,,,3,"2015-08-05 15:56:30","2017-04-05 19:42:16"
692,329,9,1,3,1,,,5,"2015-08-05 15:56:30","2017-04-05 19:42:16"
693,329,10,1,1,3,,,7,"2015-08-05 15:56:30","2017-04-05 19:42:16"
694,330,3,1,3,1,,,1,"2015-08-05 15:56:30","2017-04-05 19:44:41"
695,330,9,1,3,1,,,3,"2015-08-05 15:56:30","2017-04-05 19:44:41"
696,330,6,2,3,2,,,5,"2015-08-05 15:56:30","2017-04-05 19:44:41"
697,330,10,2,1,2,,,7,"2015-08-05 15:56:30","2017-04-05 19:44:41"
698,331,6,1,4,4,,,1,"2015-08-05 15:56:30","2018-05-23 14:57:11"
699,331,9,1,3,1,,,3,"2015-08-05 15:56:30","2018-05-23 14:57:11"
700,331,10,1,1,3,,,5,"2015-08-05 15:56:30","2018-05-23 14:57:11"
701,332,6,1,3,1,,,1,"2015-08-05 15:56:30","2018-05-23 15:00:12"
702,332,10,1,3,1,,,3,"2015-08-05 15:56:30","2018-05-23 15:00:12"
703,332,22,2,3,1,1718800000,1822200000,5,"2015-08-05 15:56:30","2017-02-23 10:09:12"
704,333,6,1,3,1,,,1,"2015-08-05 15:56:30","2018-05-30 14:51:15"
705,333,10,1,3,2,,,3,"2015-08-05 15:56:30","2018-05-30 14:53:01"
706,334,6,1,3,1,,,1,"2015-08-05 15:56:30","2018-05-30 14:54:07"
707,334,10,1,3,2,,,3,"2015-08-05 15:56:30","2018-05-30 14:55:43"
708,335,6,1,3,1,,,1,"2015-08-05 15:56:30","2017-04-11 13:22:33"
709,335,10,1,3,2,,,3,"2015-08-05 15:56:30","2018-05-30 14:56:45"
710,336,6,1,3,1,,,1,"2015-08-05 15:56:30","2017-04-11 14:27:19"
711,336,10,1,3,1,,,3,"2015-08-05 15:56:30","2017-04-11 14:27:19"
712,337,6,1,3,1,,,1,"2015-08-05 15:56:30","2017-04-11 14:48:15"
713,337,10,1,3,1,,,3,"2015-08-05 15:56:30","2017-04-11 14:48:15"
714,338,16,1,3,1,,,1,"2015-08-05 15:56:30","2017-04-11 15:18:15"
715,338,6,2,3,1,,,3,"2015-08-05 15:56:30","2018-05-30 14:59:26"
716,338,10,2,3,1,,,5,"2015-08-05 15:56:30","2018-05-30 14:59:26"
717,339,6,1,3,1,,,1,"2015-08-05 15:56:30","2017-04-13 12:47:52"
718,339,10,1,3,1,,,3,"2015-08-05 15:56:30","2017-04-13 12:47:52"
719,340,4,1,3,1,,,1,"2015-08-05 15:56:30","2017-04-13 13:17:59"
720,340,5,1,3,1,,,3,"2015-08-05 15:56:30","2017-04-13 13:17:59"
721,340,6,1,4,4,,,5,"2015-08-05 15:56:30","2017-04-13 13:17:59"
722,340,10,1,4,4,,,8,"2015-08-05 15:56:30","2017-04-13 13:17:59"
723,340,32,1,3,1,,,10,"2015-08-05 15:56:30","2017-04-13 13:17:59"
724,341,6,1,3,1,,,1,"2015-08-05 15:56:30","2017-04-13 13:38:48"
725,341,10,1,3,1,,,3,"2015-08-05 15:56:30","2017-04-13 13:38:48"
726,341,32,1,3,1,,,6,"2015-08-05 15:56:30","2017-04-13 13:54:59"
727,342,6,1,3,1,,,1,"2015-08-05 15:56:30","2017-04-13 14:01:25"
728,342,10,1,3,1,,,3,"2015-08-05 15:56:30","2017-04-13 14:01:25"
729,343,16,1,3,1,,,1,"2015-08-05 15:56:30","2017-02-23 10:15:12"
730,343,6,2,3,1,,,3,"2015-08-05 15:56:30","2017-04-13 14:14:47"
731,343,10,2,3,1,,,4,"2015-08-05 15:56:30","2017-04-13 14:14:47"
732,344,4,1,3,1,,,1,"2015-08-05 15:56:30","2018-05-31 11:05:26"
733,344,5,1,3,1,,,3,"2015-08-05 15:56:30","2018-05-31 11:05:26"
734,344,6,1,4,4,,,5,"2015-08-05 15:56:30","2018-05-31 11:05:26"
735,344,10,1,4,4,,,7,"2015-08-05 15:56:30","2018-05-31 11:05:26"
736,344,32,1,3,1,,,9,"2015-08-05 15:56:30","2018-05-31 11:05:26"
737,345,6,1,3,1,,,1,"2015-08-05 15:56:30","2018-05-31 11:07:56"
738,345,10,1,3,1,,,3,"2015-08-05 15:56:30","2018-05-31 11:07:56"
739,345,32,1,3,1,,,5,"2015-08-05 15:56:30","2018-05-31 11:07:56"
740,346,6,1,3,2,,,,"2015-08-05 15:56:30","2015-08-05 15:56:30"
741,346,10,1,3,2,,,,"2015-08-05 15:56:30","2016-03-29 14:58:55"
742,346,1,1,3,1,,,,"2015-08-05 15:56:30","2015-08-05 15:56:30"
743,346,2,1,3,1,,,,"2015-08-05 15:56:30","2016-03-29 14:58:55"
744,347,6,1,3,1,,,,"2015-08-05 15:56:30","2015-08-05 15:56:30"
745,347,10,1,3,1,,,,"2015-08-05 15:56:30","2015-08-05 15:56:30"
746,348,6,1,3,1,,,,"2015-08-05 15:56:30","2015-08-05 15:56:30"
747,348,10,1,3,1,,,,"2015-08-05 15:56:30","2015-08-05 15:56:30"
748,348,16,1,3,1,,,,"2015-08-05 15:56:30","2016-03-23 16:13:28"
749,348,34,2,3,1,,,,"2015-08-05 15:56:30","2016-03-23 16:13:28"
750,349,6,2,3,1,,,,"2015-08-05 15:56:30","2018-06-07 08:45:08"
751,349,10,1,3,1,,,,"2015-08-05 15:56:30","2016-03-23 16:14:44"
752,350,6,1,3,1,,,1,"2015-08-05 15:56:30","2018-06-07 09:15:55"
753,350,10,1,3,1,,,3,"2015-08-05 15:56:30","2018-06-07 09:15:55"
754,350,5,2,3,1,,,7,"2015-08-05 15:56:30","2018-06-07 09:15:55"
755,350,32,2,3,1,,,8,"2015-08-05 15:56:30","2018-06-07 09:15:55"
756,351,6,1,3,1,,,1,"2015-08-05 15:56:30","2018-06-07 10:03:03"
757,351,10,1,3,1,,,3,"2015-08-05 15:56:30","2018-06-07 10:03:03"
758,351,5,2,3,1,,,5,"2015-08-05 15:56:30","2018-06-07 10:03:03"
759,351,22,2,3,1,,,6,"2015-08-05 15:56:30","2017-02-23 11:14:17"
760,351,32,2,3,1,,,8,"2015-08-05 15:56:30","2018-06-07 10:03:03"
761,352,6,2,3,1,,,3,"2015-08-05 15:56:30","2018-06-07 10:11:27"
762,352,10,1,3,1,,,1,"2015-08-05 15:56:30","2017-02-23 11:14:44"
764,352,22,2,3,1,,,6,"2015-08-05 15:56:30","2017-02-23 11:14:44"
766,353,5,1,3,1,,,1,"2015-08-05 15:56:30","2018-06-07 10:13:39"
767,353,22,1,3,1,,,2,"2015-08-05 15:56:30","2018-06-07 10:13:39"
768,353,32,1,3,1,,,4,"2015-08-05 15:56:30","2018-06-07 10:13:39"
769,354,25,1,4,4,,,1,"2015-08-05 15:56:30","2017-02-23 11:15:50"
770,354,23,2,4,4,,,3,"2015-08-05 15:56:30","2017-02-23 11:15:50"
771,355,23,1,1,3,,,1,"2015-08-05 15:56:30","2018-06-07 10:20:47"
772,355,24,1,4,4,,,3,"2015-08-05 15:56:30","2018-06-07 10:22:13"
773,356,23,1,1,3,,,1,"2015-08-05 15:56:30","2017-02-23 11:18:38"
774,356,5,2,3,1,,,3,"2015-08-05 15:56:30","2018-06-11 13:03:37"
775,356,32,2,3,1,,,5,"2015-08-05 15:56:30","2018-06-11 13:03:37"
776,357,23,1,1,3,,,1,"2015-08-05 15:56:30","2019-07-20 13:47:33"
777,358,6,1,3,1,,,1,"2015-08-05 15:56:30","2018-06-11 13:07:07"
778,358,7,2,3,1,,,6,"2015-08-05 15:56:30","2019-07-20 13:30:11"
779,358,10,1,3,1,,,4,"2015-08-05 15:56:30","2019-07-20 13:30:11"
780,358,23,2,3,2,,,8,"2015-08-05 15:56:30","2019-07-20 13:30:11"
781,359,6,1,3,1,,,1,"2015-08-05 15:56:30","2018-06-11 13:13:01"
782,359,10,1,3,1,,,3,"2015-08-05 15:56:30","2018-06-11 13:13:01"
783,359,7,2,3,1,,,5,"2015-08-05 15:56:30","2017-02-23 11:21:37"
784,360,6,1,3,1,,,1,"2015-08-05 15:56:30","2017-05-21 09:21:26"
785,360,7,1,3,1,,,4,"2015-08-05 15:56:30","2017-05-21 09:21:26"
786,361,25,1,4,4,,,2,"2015-08-05 15:56:30","2018-06-11 13:20:06"
787,362,6,1,2,3,,,1,"2015-08-05 15:56:30","2018-06-11 13:20:59"
788,362,10,1,2,3,,,3,"2015-08-05 15:56:30","2018-06-11 13:20:59"
789,363,6,1,2,3,,,,"2015-08-05 15:56:30","2015-08-05 15:56:30"
790,363,7,1,2,1,,,,"2015-08-05 15:56:30","2016-03-29 15:03:45"
791,363,10,1,1,3,,,,"2015-08-05 15:56:30","2015-08-05 15:56:30"
792,364,6,1,1,3,,,,"2015-08-05 15:56:30","2015-08-05 15:56:30"
793,364,10,1,1,3,,,,"2015-08-05 15:56:30","2016-03-29 11:42:46"
794,364,22,2,2,1,,,,"2015-08-05 15:56:30","2015-08-05 15:56:30"
795,365,6,1,1,3,,,,"2015-08-05 15:56:30","2015-08-05 15:56:30"
796,365,10,1,1,3,,,,"2015-08-05 15:56:30","2015-08-05 15:56:30"
797,365,22,1,2,1,,,,"2015-08-05 15:56:30","2015-08-05 15:56:30"
798,366,25,1,4,4,,,,"2015-08-05 15:56:30","2015-08-05 15:56:30"
799,366,27,1,3,1,,,,"2015-08-05 15:56:30","2015-08-05 15:56:30"
800,366,32,2,3,1,,,,"2015-08-05 15:56:30","2015-08-05 15:56:30"
801,367,25,1,4,4,,,,"2015-08-05 15:56:30","2015-08-05 15:56:30"
802,367,27,1,3,1,,,,"2015-08-05 15:56:30","2016-03-23 10:46:49"
803,367,32,2,3,1,,,,"2015-08-05 15:56:30","2015-08-05 15:56:30"
804,368,25,1,4,4,,,,"2015-08-05 15:56:30","2015-08-05 15:56:30"
806,369,25,1,4,4,,,,"2015-08-05 15:56:30","2015-08-05 15:56:30"
807,369,11,1,4,4,,,,"2015-08-05 15:56:30","2016-03-23 10:47:35"
808,369,7,1,3,1,,,,"2015-08-05 15:56:30","2016-03-23 10:47:35"
809,370,25,1,1,3,,,,"2015-08-05 15:56:30","2015-08-05 15:56:30"
810,370,7,1,3,1,,,,"2015-08-05 15:56:30","2016-03-23 10:47:50"
811,370,10,1,3,1,,,,"2015-08-05 15:56:30","2016-03-23 10:47:50"
812,371,5,1,3,1,,,,"2015-08-05 15:56:30","2015-08-05 15:56:30"
813,371,10,1,3,1,,,,"2015-08-05 15:56:30","2016-03-23 10:48:04"
814,371,23,1,1,3,,,,"2015-08-05 15:56:30","2015-08-05 15:56:30"
815,371,32,1,3,1,,,,"2015-08-05 15:56:30","2016-03-23 10:48:04"
816,372,5,1,3,1,,,,"2015-08-05 15:56:30","2015-08-05 15:56:30"
817,372,10,1,3,1,,,,"2015-08-05 15:56:30","2016-03-23 10:48:22"
818,372,23,1,1,3,,,,"2015-08-05 15:56:30","2015-08-05 15:56:30"
819,372,32,1,3,1,,,,"2015-08-05 15:56:30","2015-08-05 15:56:30"
820,373,5,1,3,1,,,,"2015-08-05 15:56:30","2016-03-23 10:48:40"
821,373,23,1,4,4,,,,"2015-08-05 15:56:30","2016-03-23 10:48:40"
822,373,25,1,4,4,,,,"2015-08-05 15:56:30","2016-03-23 10:48:40"
823,373,32,1,3,1,,,,"2015-08-05 15:56:30","2016-03-23 10:48:40"
824,374,5,1,3,1,,,,"2015-08-05 15:56:30","2015-08-05 15:56:30"
825,374,23,1,1,3,,,,"2015-08-05 15:56:30","2016-03-23 10:49:17"
826,374,24,1,1,3,,,,"2015-08-05 15:56:30","2016-03-23 10:49:17"
827,374,32,1,3,1,,,,"2015-08-05 15:56:30","2015-08-05 15:56:30"
828,375,5,1,3,1,,,,"2015-08-05 15:56:30","2015-08-05 15:56:30"
829,375,10,1,3,1,,,,"2015-08-05 15:56:30","2016-03-23 10:49:31"
830,375,23,1,1,3,,,,"2015-08-05 15:56:30","2016-03-23 10:49:31"
831,375,26,1,3,1,,,,"2015-08-05 15:56:30","2015-08-05 15:56:30"
832,375,32,1,3,1,,,,"2015-08-05 15:56:30","2015-08-05 15:56:30"
833,376,10,1,3,1,,,,"2015-08-05 15:56:30","2016-03-23 10:49:44"
834,376,23,1,4,4,,,,"2015-08-05 15:56:30","2016-03-23 10:49:44"
835,376,26,1,3,1,,,,"2015-08-05 15:56:30","2015-08-05 15:56:30"
836,377,10,1,3,1,,,,"2015-08-05 15:56:30","2016-03-23 10:49:58"
837,377,23,1,4,4,,,,"2015-08-05 15:56:30","2015-08-05 15:56:30"
838,377,1,2,3,1,,,,"2015-08-05 15:56:30","2015-08-05 15:56:30"
839,377,2,2,3,1,,,,"2015-08-05 15:56:30","2016-03-23 10:49:58"
841,378,7,1,3,1,,,1,"2015-08-05 15:56:30","2016-03-22 14:47:25"
842,378,23,1,1,3,,,3,"2015-08-05 15:56:30","2016-03-22 14:47:25"
843,378,1,2,3,1,,,5,"2015-08-05 15:56:30","2016-03-22 14:47:25"
844,378,10,2,3,1,,,7,"2015-08-05 15:56:30","2016-03-22 14:47:25"
845,379,7,1,3,1,,,1,"2015-08-05 15:56:30","2016-03-22 16:33:02"
846,379,23,1,1,3,,,3,"2015-08-05 15:56:30","2016-03-22 16:33:02"
847,379,1,1,3,1,,,5,"2015-08-05 15:56:30","2016-03-22 16:33:02"
848,379,2,1,3,1,,,7,"2015-08-05 15:56:30","2016-03-22 16:33:02"
849,379,10,1,3,1,,,9,"2015-08-05 15:56:30","2016-03-22 16:33:02"
850,380,6,1,3,1,,,1,"2015-08-05 15:56:30","2016-03-22 15:28:43"
851,380,7,1,3,1,,,3,"2015-08-05 15:56:30","2016-03-22 15:28:43"
852,380,10,1,3,1,,,5,"2015-08-05 15:56:30","2016-03-22 15:28:43"
853,381,6,1,3,1,5925000000,6425000000,1,"2015-08-05 15:56:30","2016-03-23 10:51:50"
854,381,7,1,3,1,5925000000,6450000000,4,"2015-08-05 15:56:30","2016-03-23 10:51:50"
855,382,6,1,3,1,6450000000,6700000000,1,"2015-08-05 15:56:30","2016-03-23 10:52:13"
856,382,7,1,3,1,6450000000,6700000000,3,"2015-08-05 15:56:30","2016-03-23 10:52:13"
857,383,6,1,3,1,6700000000,7075000000,1,"2015-08-05 15:56:30","2016-03-23 10:52:26"
858,383,7,1,3,1,6700000000,7075000000,3,"2015-08-05 15:56:30","2016-03-23 10:52:26"
861,385,6,1,3,1,7145000000,7235000000,,"2015-08-05 15:56:30","2016-03-23 10:52:49"
862,385,10,1,3,1,,,,"2015-08-05 15:56:30","2015-08-05 15:56:30"
863,385,32,1,3,1,,,,"2015-08-05 15:56:30","2016-03-23 10:52:49"
864,386,6,1,3,1,7235000000,7250000000,,"2015-08-05 15:56:30","2016-03-23 10:53:00"
865,386,10,1,3,1,,,,"2015-08-05 15:56:30","2015-08-05 15:56:30"
866,387,6,1,3,1,7250000000,7300000000,,"2015-08-05 15:56:30","2016-03-23 10:53:21"
867,387,7,1,1,3,7250000000,7300000000,,"2015-08-05 15:56:30","2016-03-23 10:53:21"
868,387,16,1,1,3,,,,"2015-08-05 15:56:30","2016-02-15 09:26:39"
873,389,6,1,4,4,,,,"2015-08-05 15:56:30","2015-08-05 15:56:30"
874,389,7,1,1,3,,,,"2015-08-05 15:56:30","2015-08-05 15:56:30"
875,389,9,1,3,1,,,,"2015-08-05 15:56:30","2016-03-23 10:53:45"
876,389,10,2,3,1,,,,"2015-08-05 15:56:30","2015-08-05 15:56:30"
877,390,6,1,4,4,,,,"2015-08-05 15:56:30","2015-08-05 15:56:30"
878,390,7,1,1,3,,,,"2015-08-05 15:56:30","2015-08-05 15:56:30"
879,390,10,2,3,1,,,,"2015-08-05 15:56:30","2015-08-05 15:56:30"
880,391,6,1,1,3,,,,"2015-08-05 15:56:30","2015-08-05 15:56:30"
881,391,9,1,3,1,,,,"2015-08-05 15:56:30","2016-03-23 10:54:13"
882,391,10,1,4,4,,,,"2015-08-05 15:56:30","2015-08-05 15:56:30"
886,393,6,1,1,3,,,,"2015-08-05 15:56:30","2015-08-05 15:56:30"
887,393,7,1,1,3,,,,"2015-08-05 15:56:30","2015-08-05 15:56:30"
888,393,10,1,4,4,,,,"2015-08-05 15:56:30","2015-08-05 15:56:30"
889,393,16,1,1,3,7900000000,8025000000,,"2015-08-05 15:56:30","2016-03-23 10:54:34"
891,394,5,1,1,3,,,,"2015-08-05 15:56:30","2015-08-05 15:56:30"
892,394,6,1,1,3,,,,"2015-08-05 15:56:30","2015-08-05 15:56:30"
893,394,7,1,1,3,,,,"2015-08-05 15:56:30","2015-08-05 15:56:30"
894,394,10,1,4,4,,,,"2015-08-05 15:56:30","2016-03-23 10:54:51"
895,395,5,1,1,3,,,,"2015-08-05 15:56:30","2015-08-05 15:56:30"
896,395,6,1,1,3,,,,"2015-08-05 15:56:30","2015-08-05 15:56:30"
897,395,7,1,1,3,,,,"2015-08-05 15:56:30","2015-08-05 15:56:30"
898,395,9,1,3,1,,,,"2015-08-05 15:56:30","2015-08-05 15:56:30"
899,395,10,1,4,4,,,,"2015-08-05 15:56:30","2016-03-23 10:55:02"
900,396,5,1,1,3,,,,"2015-08-05 15:56:30","2015-08-05 15:56:30"
901,396,6,1,1,3,,,,"2015-08-05 15:56:30","2015-08-05 15:56:30"
902,396,7,1,1,3,,,,"2015-08-05 15:56:30","2015-08-05 15:56:30"
903,396,10,1,4,4,,,,"2015-08-05 15:56:30","2016-03-23 10:55:14"
904,397,6,1,1,3,,,,"2015-08-05 15:56:30","2015-08-05 15:56:30"
905,397,10,1,1,3,,,,"2015-08-05 15:56:30","2015-08-05 15:56:30"
906,397,32,1,3,1,,,,"2015-08-05 15:56:30","2016-03-23 10:55:48"
907,398,6,1,1,3,,,,"2015-08-05 15:56:30","2015-08-05 15:56:30"
908,398,14,1,2,3,,,,"2015-08-05 15:56:30","2015-08-05 15:56:30"
909,398,23,1,1,3,,,,"2015-08-05 15:56:30","2015-08-05 15:56:30"
910,398,24,1,1,3,,,,"2015-08-05 15:56:30","2015-08-05 15:56:30"
911,399,5,1,3,1,,,,"2015-08-05 15:56:30","2015-08-05 15:56:30"
912,399,14,1,3,1,,,,"2015-08-05 15:56:30","2015-08-05 15:56:30"
913,399,23,1,1,3,,,,"2015-08-05 15:56:30","2015-08-05 15:56:30"
914,399,24,1,4,4,,,,"2015-08-05 15:56:30","2015-08-05 15:56:30"
915,399,32,1,3,1,,,,"2015-08-05 15:56:30","2015-08-05 15:56:30"
916,400,14,1,3,1,,,,"2015-08-05 15:56:30","2015-08-05 15:56:30"
917,400,23,1,1,3,,,,"2015-08-05 15:56:30","2015-08-05 15:56:30"
918,400,24,1,4,4,,,,"2015-08-05 15:56:30","2015-08-05 15:56:30"
919,401,23,1,4,4,,,,"2015-08-05 15:56:30","2015-08-05 15:56:30"
920,401,25,1,4,4,,,,"2015-08-05 15:56:30","2016-03-23 11:02:29"
921,402,23,1,4,4,,,,"2015-08-05 15:56:30","2015-08-05 15:56:30"
922,402,26,1,3,1,,,,"2015-08-05 15:56:30","2016-03-23 11:02:44"
923,403,25,1,4,4,,,,"2015-08-05 15:56:30","2016-03-23 11:02:58"
924,403,23,1,4,4,,,,"2015-08-05 15:56:30","2015-08-05 15:56:30"
925,404,23,1,4,4,,,1,"2015-08-05 15:56:30","2016-03-08 14:20:09"
926,404,26,1,3,1,,,3,"2015-08-05 15:56:30","2016-03-23 11:03:12"
927,405,24,1,4,4,9300000000,9500000000,1,"2015-08-05 15:56:30","2016-03-23 11:03:28"
928,405,5,1,3,1,,,3,"2015-08-05 15:56:30","2016-03-08 14:19:31"
929,405,32,1,3,1,,,5,"2015-08-05 15:56:30","2016-03-08 14:19:31"
930,405,23,1,1,3,,,7,"2015-08-05 15:56:30","2016-03-08 14:19:31"
931,406,23,1,4,4,,,1,"2015-08-05 15:56:30","2016-03-08 14:18:39"
932,406,24,1,4,4,,,2,"2015-08-05 15:56:30","2016-03-08 14:18:39"
933,406,5,2,3,1,,,4,"2015-08-05 15:56:30","2016-03-08 14:18:39"
934,406,32,2,3,1,,,6,"2015-08-05 15:56:30","2016-03-08 14:18:39"
935,407,23,1,4,4,,,1,"2015-08-05 15:56:30","2016-03-08 14:23:25"
936,407,5,2,3,1,,,3,"2015-08-05 15:56:30","2016-03-08 14:23:25"
937,407,32,2,3,1,,,5,"2015-08-05 15:56:30","2016-03-08 14:23:25"
938,408,23,1,4,4,,,1,"2015-08-05 15:56:30","2016-03-08 14:26:52"
939,408,9,1,4,4,,,3,"2015-08-05 15:56:30","2016-03-08 14:26:52"
940,409,6,1,3,1,,,1,"2015-08-05 15:56:30","2016-03-09 12:40:49"
941,409,10,1,3,1,,,3,"2015-08-05 15:56:30","2016-03-09 12:40:49"
942,409,23,1,1,3,,,5,"2015-08-05 15:56:30","2016-03-09 12:40:49"
943,409,1,2,3,1,,,7,"2015-08-05 15:56:30","2016-03-09 12:40:49"
944,409,9,2,3,1,,,9,"2015-08-05 15:56:30","2016-03-09 12:40:49"
945,410,6,1,3,1,,,1,"2015-08-05 15:56:30","2016-03-09 12:41:22"
946,410,10,1,3,1,,,3,"2015-08-05 15:56:30","2016-03-09 12:41:22"
947,410,23,1,1,3,,,5,"2015-08-05 15:56:30","2016-03-09 12:41:22"
948,410,1,2,3,1,,,7,"2015-08-05 15:56:30","2016-03-09 12:41:22"
949,411,6,1,3,1,,,1,"2015-08-05 15:56:30","2016-03-09 12:39:56"
950,411,14,1,3,1,,,4,"2015-08-05 15:56:30","2016-03-09 12:39:56"
951,411,23,1,1,3,,,6,"2015-08-05 15:56:30","2016-03-09 12:39:56"
952,411,1,2,3,1,,,8,"2015-08-05 15:56:30","2016-03-09 12:39:56"
953,411,2,2,3,1,,,10,"2015-08-05 15:56:30","2016-03-09 12:39:56"
954,412,6,1,3,1,,,1,"2015-08-05 15:56:30","2016-03-07 14:29:19"
955,412,10,1,3,1,,,3,"2015-08-05 15:56:30","2016-03-07 14:29:19"
956,412,23,2,1,2,,,5,"2015-08-05 15:56:30","2016-03-07 14:29:19"
957,413,6,1,3,1,,,1,"2015-08-05 15:56:30","2016-03-09 12:47:40"
958,413,10,1,3,1,,,4,"2015-08-05 15:56:30","2016-03-09 12:47:40"
959,413,23,2,1,2,,,6,"2015-08-05 15:56:30","2016-03-09 12:47:40"
960,414,5,1,3,1,,,1,"2015-08-05 15:56:30","2017-02-27 10:25:14"
961,414,6,1,3,1,,,3,"2015-08-05 15:56:30","2017-02-25 09:07:09"
962,414,10,1,3,1,,,6,"2015-08-05 15:56:30","2017-02-27 10:25:14"
963,414,22,1,3,1,,,8,"2015-08-05 15:56:30","2017-02-27 10:25:14"
964,414,32,1,3,1,,,10,"2015-08-05 15:56:30","2017-02-27 10:25:14"
965,414,23,2,1,3,,,12,"2015-08-05 15:56:30","2018-06-12 16:51:52"
966,415,5,1,3,1,,,1,"2015-08-05 15:56:30","2017-02-27 10:26:07"
967,415,22,1,3,1,,,3,"2015-08-05 15:56:30","2017-02-27 10:26:07"
968,415,32,1,3,1,,,4,"2015-08-05 15:56:30","2018-06-12 16:54:50"
969,416,6,1,4,4,,,1,"2015-08-05 15:56:30","2016-03-14 14:40:46"
970,416,7,1,3,1,,,3,"2015-08-05 15:56:30","2016-03-23 11:07:39"
971,416,10,1,4,4,,,8,"2015-08-05 15:56:30","2016-03-14 14:40:46"
972,417,6,2,3,1,,,6,"2015-08-05 15:56:30","2018-06-13 16:31:30"
974,417,21,1,3,1,,,1,"2015-08-05 15:56:30","2018-06-13 16:31:30"
975,417,10,2,3,1,,,8,"2015-08-05 15:56:30","2018-06-13 16:31:30"
976,417,7,1,3,1,,,3,"2015-08-05 15:56:30","2018-06-13 16:31:30"
977,418,7,1,3,1,,,,"2015-08-05 15:56:30","2016-03-15 13:58:28"
978,419,6,1,3,1,,,1,"2015-08-05 15:56:30","2017-02-27 10:27:57"
979,419,7,1,3,1,,,3,"2015-08-05 15:56:30","2017-02-27 10:27:57"
980,419,32,2,3,1,,,5,"2015-08-05 15:56:30","2017-02-25 09:09:35"
981,420,25,1,4,4,,,1,"2015-08-05 15:56:30","2017-02-25 09:10:41"
982,420,5,1,3,1,,,3,"2015-08-05 15:56:30","2018-06-13 16:40:13"
983,420,32,2,3,1,,,5,"2015-08-05 15:56:30","2017-02-27 10:28:56"
984,421,5,1,3,1,,,,"2015-08-05 15:56:30","2015-08-05 15:56:30"
985,421,23,1,1,3,,,,"2015-08-05 15:56:30","2015-08-05 15:56:30"
986,421,32,1,3,1,,,,"2015-08-05 15:56:30","2016-03-29 14:18:10"
988,422,7,1,3,1,,,,"2015-08-05 15:56:30","2016-03-24 09:00:43"
989,422,23,1,1,3,,,,"2015-08-05 15:56:30","2015-08-05 15:56:30"
990,422,5,2,3,1,,,,"2015-08-05 15:56:30","2015-08-05 15:56:30"
992,422,32,2,3,1,,,,"2015-08-05 15:56:30","2015-08-05 15:56:30"
993,423,7,1,3,1,,,1,"2015-08-05 15:56:30","2016-03-24 09:01:44"
994,423,16,2,3,1,,,4,"2015-08-05 15:56:30","2016-03-24 09:01:44"
995,423,32,2,3,1,,,6,"2015-08-05 15:56:30","2016-02-17 15:26:41"
996,424,7,1,3,1,,,1,"2015-08-05 15:56:30","2016-02-24 12:26:47"
997,424,16,2,3,1,,,4,"2015-08-05 15:56:30","2016-02-24 12:26:47"
998,424,32,2,3,1,,,6,"2015-08-05 15:56:30","2016-02-17 15:49:38"
1000,425,7,1,3,1,,,3,"2015-08-05 15:56:30","2016-02-23 10:02:21"
1001,425,16,2,3,1,,,6,"2015-08-05 15:56:30","2016-02-23 10:02:21"
1002,425,27,2,3,1,,,8,"2015-08-05 15:56:30","2016-02-17 15:56:20"
1004,426,7,1,3,1,,,3,"2015-08-05 15:56:30","2016-02-23 10:14:49"
1005,426,16,2,3,1,,,6,"2015-08-05 15:56:30","2016-02-23 10:14:49"
1006,426,32,2,3,1,,,8,"2015-08-05 15:56:30","2016-02-17 15:59:28"
1008,427,7,1,3,1,,,3,"2015-08-05 15:56:30","2016-02-23 10:21:11"
1009,427,16,2,3,1,,,6,"2015-08-05 15:56:30","2016-02-23 10:21:11"
1010,427,22,2,3,1,,,8,"2015-08-05 15:56:30","2016-02-18 09:26:11"
1011,428,6,1,3,1,,,1,"2015-08-05 15:56:30","2017-02-25 09:14:22"
1012,428,10,2,3,1,,,3,"2015-08-05 15:56:30","2017-02-25 09:14:22"
1013,428,32,2,3,1,,,5,"2015-08-05 15:56:30","2017-02-25 09:14:22"
1014,429,6,1,1,3,,,1,"2015-08-05 15:56:30","2018-07-02 09:54:41"
1015,429,10,1,1,3,,,3,"2015-08-05 15:56:30","2018-07-02 09:54:41"
1016,430,6,1,1,3,,,1,"2015-08-05 15:56:30","2018-07-02 09:55:48"
1017,430,10,1,1,3,,,3,"2015-08-05 15:56:30","2018-07-02 09:55:48"
1018,431,6,1,3,1,,,1,"2015-08-05 15:56:30","2017-02-25 09:15:03"
1019,431,10,2,3,1,,,3,"2015-08-05 15:56:30","2017-02-25 09:15:03"
1020,432,5,1,3,1,,,1,"2015-08-05 15:56:30","2018-07-04 10:12:56"
1021,432,22,1,3,1,,,3,"2015-08-05 15:56:30","2018-07-04 10:12:56"
1022,432,32,1,3,1,,,5,"2015-08-05 15:56:30","2018-07-04 10:12:56"
1023,433,25,1,4,4,,,,"2015-08-05 15:56:30","2015-08-05 15:56:30"
1024,434,7,1,3,1,,,1,"2015-08-05 15:56:30","2017-02-28 08:35:33"
1025,434,25,1,4,4,,,3,"2015-08-05 15:56:30","2017-02-28 08:35:33"
1026,435,25,1,4,4,,,,"2015-08-05 15:56:30","2015-08-05 15:56:30"
1027,436,23,1,1,3,,,,"2015-08-05 15:56:30","2015-08-05 15:56:30"
1028,437,23,1,1,3,,,1,"2015-08-05 15:56:30","2017-02-25 09:16:52"
1029,437,32,2,3,1,,,3,"2015-08-05 15:56:30","2018-07-04 10:23:17"
1030,438,23,1,1,3,,,,"2015-08-05 15:56:30","2015-08-05 15:56:30"
1031,438,10,2,2,1,,,,"2015-08-05 15:56:30","2015-08-05 15:56:30"
1032,439,5,1,3,1,,,,"2015-08-05 15:56:30","2015-08-05 15:56:30"
1033,439,10,1,3,1,,,,"2015-08-05 15:56:30","2015-08-05 15:56:30"
1034,439,23,1,1,3,,,,"2015-08-05 15:56:30","2015-08-05 15:56:30"
1035,439,32,1,3,1,,,,"2015-08-05 15:56:30","2015-08-05 15:56:30"
1036,440,6,2,3,1,,,5,"2015-08-05 15:56:30","2018-07-04 10:33:23"
1037,440,7,1,3,1,,,3,"2015-08-05 15:56:30","2018-07-04 10:33:23"
1038,440,7,1,3,1,,,1,"2015-08-05 15:56:30","2018-07-04 10:33:23"
1039,440,23,2,1,2,,,7,"2015-08-05 15:56:30","2017-02-25 09:19:00"
1040,441,6,1,3,1,,,1,"2015-08-05 15:56:30","2017-02-25 09:19:35"
1041,441,7,1,3,1,,,5,"2015-08-05 15:56:30","2017-02-25 09:19:35"
1042,441,7,1,3,1,,,3,"2015-08-05 15:56:30","2017-02-25 09:19:35"
1043,442,6,1,3,1,,,1,"2015-08-05 15:56:30","2017-02-25 09:20:10"
1044,442,7,1,3,1,,,5,"2015-08-05 15:56:30","2017-02-28 08:41:05"
1045,442,7,1,3,1,,,3,"2015-08-05 15:56:30","2017-02-28 08:41:05"
1046,442,9,1,3,1,,,7,"2015-08-05 15:56:30","2017-02-28 08:41:05"
1048,443,6,1,3,1,,,1,"2015-08-05 15:56:30","2017-02-25 09:19:52"
1049,443,7,1,3,1,,,3,"2015-08-05 15:56:30","2017-02-25 09:19:52"
1050,444,5,1,3,1,,,1,"2015-08-05 15:56:30","2017-02-28 08:42:00"
1051,444,6,1,3,1,,,3,"2015-08-05 15:56:30","2017-02-28 08:42:00"
1052,444,7,1,3,1,,,7,"2015-08-05 15:56:30","2017-06-09 14:46:19"
1053,444,32,2,3,1,,,9,"2015-08-05 15:56:30","2017-06-09 14:46:19"
1054,445,6,1,3,1,,,1,"2015-08-05 15:56:30","2017-02-25 09:20:55"
1055,445,7,1,3,1,,,3,"2015-08-05 15:56:30","2017-02-25 09:20:55"
1056,446,6,1,3,1,,,1,"2015-08-05 15:56:30","2017-02-25 09:21:11"
1057,446,7,1,3,1,,,3,"2015-08-05 15:56:30","2017-02-25 09:21:11"
1058,447,7,1,3,1,,,1,"2015-08-05 15:56:30","2017-02-25 09:21:27"
1059,447,16,2,3,1,,,3,"2015-08-05 15:56:30","2017-02-25 09:21:27"
1060,448,7,1,3,1,,,1,"2015-08-05 15:56:30","2018-07-19 13:12:56"
1061,448,16,1,3,1,,,3,"2015-08-05 15:56:30","2018-07-19 13:12:56"
1062,449,7,1,2,3,,,1,"2015-08-05 15:56:30","2018-07-19 13:15:46"
1063,449,16,1,2,3,,,3,"2015-08-05 15:56:30","2018-07-19 13:15:46"
1064,450,5,1,3,1,,,1,"2015-08-05 15:56:30","2017-02-28 08:55:28"
1065,450,6,1,3,1,,,3,"2015-08-05 15:56:30","2018-05-16 11:02:12"
1066,450,10,1,3,2,,,5,"2015-08-05 15:56:30","2018-05-16 11:02:12"
1067,450,32,1,3,1,,,7,"2015-08-05 15:56:30","2017-02-28 08:55:28"
1068,451,10,1,3,1,,,1,"2015-08-05 15:56:30","2017-02-28 08:55:59"
1069,451,21,1,3,1,,,3,"2015-08-05 15:56:30","2017-02-28 08:55:59"
1070,452,6,1,3,1,,,1,"2015-08-05 15:56:30","2017-02-28 09:00:08"
1071,452,10,1,3,1,,,3,"2015-08-05 15:56:30","2017-02-28 09:00:08"
1072,453,5,1,3,1,,,1,"2015-08-05 15:56:30","2017-02-28 09:01:00"
1073,453,6,1,3,1,,,3,"2015-08-05 15:56:30","2017-02-25 19:22:49"
1074,453,10,1,3,1,,,5,"2015-08-05 15:56:30","2017-02-28 09:01:00"
1075,453,22,1,3,1,,,7,"2015-08-05 15:56:30","2017-02-25 19:22:49"
1076,453,32,1,3,1,,,9,"2015-08-05 15:56:30","2017-02-28 09:01:00"
1077,454,6,1,3,1,,,1,"2015-08-05 15:56:30","2017-02-28 09:02:05"
1078,454,10,1,3,1,,,3,"2015-08-05 15:56:30","2017-02-28 09:02:05"
1079,455,6,1,3,1,,,1,"2015-08-05 15:56:30","2017-02-28 09:13:08"
1080,455,8,1,3,1,,,5,"2015-08-05 15:56:30","2017-02-28 09:13:08"
1081,455,10,1,3,1,,,7,"2015-08-05 15:56:30","2017-02-28 09:13:08"
1082,456,6,1,3,1,,,1,"2015-08-05 15:56:30","2017-02-28 09:16:08"
1083,456,10,1,3,1,,,3,"2015-08-05 15:56:30","2017-02-28 09:16:08"
1084,457,5,1,3,1,,,1,"2015-08-05 15:56:30","2017-02-28 09:16:55"
1085,457,22,1,3,1,,,3,"2015-08-05 15:56:30","2017-02-28 09:16:55"
1086,457,32,1,3,1,,,5,"2015-08-05 15:56:30","2017-02-28 09:16:55"
1087,458,1,1,3,1,,,,"2015-08-05 15:56:30","2015-08-05 15:56:30"
1088,458,2,1,3,1,,,,"2015-08-05 15:56:30","2015-08-05 15:56:30"
1089,459,23,1,1,3,,,1,"2015-08-05 15:56:30","2016-03-21 10:54:34"
1090,459,1,2,2,1,,,3,"2015-08-05 15:56:30","2016-03-21 10:54:34"
1091,459,5,2,2,1,,,5,"2015-08-05 15:56:30","2016-03-21 10:54:34"
1092,459,6,2,2,1,,,7,"2015-08-05 15:56:30","2016-03-21 10:54:34"
1093,459,10,2,2,1,,,9,"2015-08-05 15:56:30","2016-03-21 10:54:34"
1094,460,6,1,3,1,,,1,"2015-08-05 15:56:30","2016-03-18 10:21:54"
1095,461,6,1,3,1,,,,"2015-08-05 15:56:30","2015-08-05 15:56:30"
1096,461,8,1,3,1,,,,"2015-08-05 15:56:30","2015-08-05 15:56:30"
1097,462,6,1,3,1,,,,"2015-08-05 15:56:30","2015-08-05 15:56:30"
1098,462,8,1,3,1,,,,"2015-08-05 15:56:30","2015-08-05 15:56:30"
1099,463,6,1,3,1,,,,"2015-08-05 15:56:30","2015-08-05 15:56:30"
1100,464,6,1,4,4,,,1,"2015-08-05 15:56:30","2016-03-18 12:19:26"
1101,464,8,1,3,1,,,6,"2015-08-05 15:56:30","2016-03-18 13:06:49"
1102,464,10,1,4,4,,,8,"2015-08-05 15:56:30","2016-03-18 12:19:26"
1104,465,6,1,4,4,,,,"2015-08-05 15:56:30","2015-08-05 15:56:30"
1105,465,8,1,3,1,,,,"2015-08-05 15:56:30","2016-03-18 13:12:37"
1106,465,10,1,4,4,,,,"2015-08-05 15:56:30","2015-08-05 15:56:30"
1107,465,32,1,3,1,,,,"2015-08-05 15:56:30","2016-03-18 13:12:37"
1108,465,5,2,3,1,,,,"2015-08-05 15:56:30","2016-03-18 13:12:37"
1110,466,6,1,2,3,,,,"2015-08-05 15:56:30","2015-08-05 15:56:30"
1111,466,8,1,2,1,,,,"2015-08-05 15:56:30","2015-08-05 15:56:30"
1112,466,10,1,1,3,,,,"2015-08-05 15:56:30","2015-08-05 15:56:30"
1113,466,32,1,2,1,,,,"2015-08-05 15:56:30","2016-03-18 13:16:00"
1114,466,5,2,2,1,,,,"2015-08-05 15:56:30","2016-03-18 13:16:00"
1116,467,6,1,4,4,,,1,"2015-08-05 15:56:30","2018-07-20 09:52:30"
1117,467,8,1,3,1,,,3,"2015-08-05 15:56:30","2018-07-20 09:52:30"
1118,467,10,1,4,4,,,5,"2015-08-05 15:56:30","2018-07-20 09:52:30"
1119,468,6,1,3,1,,,1,"2015-08-05 15:56:30","2017-02-28 09:27:47"
1120,468,7,1,3,1,,,5,"2015-08-05 15:56:30","2017-02-28 09:27:47"
1121,468,7,2,3,1,,,12,"2015-08-05 15:56:30","2017-02-28 09:28:06"
1122,468,10,2,3,1,,,14,"2015-08-05 15:56:30","2017-02-28 09:28:06"
1123,468,7,1,3,1,27500000000,27501000000,8,"2015-08-05 15:56:30","2017-02-28 09:27:47"
1124,468,7,2,3,1,27501000000,29999000000,10,"2015-08-05 15:56:30","2017-02-28 09:27:47"
1125,469,6,1,3,1,,,1,"2015-08-05 15:56:30","2017-02-28 09:28:51"
1126,469,7,1,3,1,,,3,"2015-08-05 15:56:30","2017-02-28 09:28:51"
1127,469,5,2,3,1,,,7,"2015-08-05 15:56:30","2017-02-28 09:28:51"
1128,469,7,2,3,1,27501000000,29999000000,5,"2015-08-05 15:56:30","2017-02-28 09:28:51"
1129,470,6,1,3,1,,,1,"2015-08-05 15:56:30","2017-02-28 09:29:59"
1130,470,7,1,3,1,,,4,"2015-08-05 15:56:30","2017-02-28 09:29:59"
1131,470,5,2,3,1,,,10,"2015-08-05 15:56:30","2017-02-28 09:29:59"
1132,470,7,2,3,1,27501000000,29999000000,8,"2015-08-05 15:56:30","2017-02-28 09:29:59"
1133,471,7,1,3,1,,,1,"2015-08-05 15:56:30","2017-02-28 09:34:52"
1134,471,5,2,3,1,,,5,"2015-08-05 15:56:30","2018-07-20 13:18:17"
1135,471,16,2,3,1,,,7,"2015-08-05 15:56:30","2018-07-20 13:18:17"
1136,471,7,2,3,1,27501000000,29999000000,3,"2015-08-05 15:56:30","2017-02-28 09:34:52"
1137,472,7,1,3,1,29500000000,30000000000,3,"2015-08-05 15:56:30","2017-02-28 09:35:29"
1138,472,16,1,3,1,,,5,"2015-08-05 15:56:30","2017-02-28 09:35:29"
1139,472,5,2,3,1,,,9,"2015-08-05 15:56:30","2017-02-28 09:35:29"
1140,472,7,2,3,1,27501000000,29999000000,7,"2015-08-05 15:56:30","2017-02-28 09:35:29"
1141,472,7,1,3,1,29999000000,30000000000,1,"2015-08-05 15:56:30","2017-02-28 09:35:29"
1142,473,7,1,4,4,30000000000,31000000000,1,"2015-08-05 15:56:30","2017-02-28 09:37:38"
1143,473,16,1,1,3,30000000000,31000000000,3,"2015-08-05 15:56:30","2017-02-28 09:37:38"
1145,474,6,1,3,1,,,1,"2015-08-05 15:56:30","2017-02-28 09:38:36"
1146,474,10,1,3,1,,,3,"2015-08-05 15:56:30","2017-02-28 09:38:36"
1147,474,32,2,3,1,,,5,"2015-08-05 15:56:30","2017-02-28 09:38:36"
1148,475,5,1,3,1,,,1,"2015-08-05 15:56:30","2017-02-28 09:39:40"
1149,475,22,1,3,1,,,3,"2015-08-05 15:56:30","2017-02-28 09:39:40"
1150,475,32,1,3,1,,,5,"2015-08-05 15:56:30","2017-02-28 09:39:40"
1151,476,5,1,3,1,,,1,"2015-08-05 15:56:30","2017-02-28 09:40:11"
1152,476,22,1,3,1,,,3,"2015-08-05 15:56:30","2017-02-28 09:40:11"
1153,476,32,1,3,1,,,5,"2015-08-05 15:56:30","2017-02-28 09:40:11"
1154,476,6,2,3,1,,,7,"2015-08-05 15:56:30","2017-02-28 09:40:11"
1155,476,10,2,3,1,,,9,"2015-08-05 15:56:30","2017-02-28 09:40:11"
1156,477,6,1,3,1,,,1,"2015-08-05 15:56:30","2018-07-25 11:23:53"
1157,477,24,1,4,4,,,3,"2015-08-05 15:56:30","2017-02-28 09:40:43"
1158,477,32,1,3,1,,,5,"2015-08-05 15:56:30","2017-02-28 09:40:43"
1159,478,6,1,3,1,,,1,"2015-08-05 15:56:30","2018-07-25 11:28:52"
1160,478,24,1,4,4,,,3,"2015-08-05 15:56:30","2017-02-28 09:41:34"
1161,478,32,1,3,1,,,5,"2015-08-05 15:56:30","2017-02-28 09:41:34"
1162,479,6,1,3,1,,,1,"2015-08-05 15:56:30","2018-07-25 11:30:47"
1163,479,8,1,3,1,,,3,"2015-08-05 15:56:30","2017-02-28 09:42:16"
1164,479,24,1,4,4,,,5,"2015-08-05 15:56:30","2017-02-28 09:42:16"
1165,480,6,1,3,1,,,1,"2015-08-05 15:56:30","2017-02-28 09:42:50"
1166,480,24,1,4,4,,,3,"2015-08-05 15:56:30","2017-02-28 09:42:50"
1167,481,23,1,2,3,,,,"2015-08-05 15:56:30","2015-08-05 15:56:30"
1168,482,23,1,2,3,,,1,"2015-08-05 15:56:30","2017-02-28 09:43:36"
1169,482,32,1,3,1,,,3,"2015-08-05 15:56:30","2018-07-25 11:34:25"
1170,483,23,1,2,3,,,1,"2015-08-05 15:56:30","2017-02-28 09:44:14"
1171,483,32,2,3,1,,,3,"2015-08-05 15:56:30","2018-07-25 11:35:12"
1172,484,3,1,3,1,,,1,"2015-08-05 15:56:30","2018-07-25 11:36:05"
1173,484,23,1,1,3,,,3,"2015-08-05 15:56:30","2017-02-28 09:44:57"
1174,485,3,1,3,1,,,1,"2015-08-05 15:56:30","2018-07-26 13:49:21"
1175,485,5,1,3,1,,,3,"2015-08-05 15:56:30","2018-07-26 13:49:21"
1176,485,23,1,1,3,,,5,"2015-08-05 15:56:30","2017-02-28 09:45:39"
1177,485,32,1,3,1,,,7,"2015-08-05 15:56:30","2018-07-26 13:49:21"
1178,486,5,1,3,1,,,1,"2015-08-05 15:56:30","2018-07-26 13:52:49"
1179,486,6,1,3,1,,,3,"2015-08-05 15:56:30","2018-07-26 13:52:49"
1180,486,10,1,1,3,,,5,"2015-08-05 15:56:30","2017-02-28 09:46:14"
1181,486,32,1,3,1,,,7,"2015-08-05 15:56:30","2018-07-26 13:52:49"
1182,487,6,1,3,1,,,1,"2015-08-05 15:56:30","2018-07-26 14:18:47"
1183,487,32,1,3,1,,,3,"2015-08-05 15:56:30","2017-02-28 09:46:43"
1184,487,10,2,3,1,,,5,"2015-08-05 15:56:30","2017-02-28 09:46:43"
1185,488,6,1,3,1,,,1,"2015-08-05 15:56:30","2018-07-26 14:20:46"
1186,488,7,1,3,1,,,3,"2015-08-05 15:56:30","2017-02-28 09:47:24"
1187,488,32,1,3,1,,,5,"2015-08-05 15:56:30","2017-02-28 09:47:24"
1188,488,5,2,3,1,,,7,"2015-08-05 15:56:30","2017-02-28 09:47:24"
1189,488,10,2,3,1,,,9,"2015-08-05 15:56:30","2017-02-28 09:47:24"
1190,489,6,1,3,1,,,1,"2015-08-05 15:56:30","2018-07-26 14:22:44"
1191,489,7,1,3,1,,,3,"2015-08-05 15:56:30","2017-02-28 09:47:52"
1192,489,5,2,3,1,,,5,"2015-08-05 15:56:30","2017-02-28 09:47:52"
1193,489,10,2,3,1,,,7,"2015-08-05 15:56:30","2017-02-28 09:47:52"
1194,490,6,1,3,1,39500000000,40000000000,1,"2015-08-05 15:56:30","2017-02-28 09:57:53"
1195,490,7,1,4,4,,,3,"2015-08-05 15:56:30","2017-02-28 09:57:53"
1196,490,10,1,3,1,,,5,"2015-08-05 15:56:30","2017-02-28 09:57:53"
1197,490,16,1,3,1,,,7,"2015-08-05 15:56:30","2018-07-26 14:26:31"
1198,490,5,2,3,1,,,9,"2015-08-05 15:56:30","2017-02-28 09:57:53"
1200,491,6,1,3,1,,,3,"2015-08-05 15:56:30","2017-02-28 09:59:57"
1201,491,7,1,3,1,,,5,"2015-08-05 15:56:30","2018-07-26 14:29:51"
1202,491,10,1,3,1,,,7,"2015-08-05 15:56:30","2017-02-28 09:59:57"
1203,491,16,1,3,1,,,9,"2015-08-05 15:56:30","2018-07-26 14:29:51"
1204,491,32,1,3,1,,,11,"2015-08-05 15:56:30","2017-02-28 09:59:57"
1205,491,5,2,3,1,,,13,"2015-08-05 15:56:30","2017-02-28 09:59:57"
1206,492,6,1,3,1,,,1,"2015-08-05 15:56:30","2017-02-28 10:00:38"
1208,492,20,1,3,1,,,6,"2015-08-05 15:56:30","2017-02-28 10:00:38"
1209,492,21,1,3,1,,,8,"2015-08-05 15:56:30","2017-02-28 10:00:38"
1210,493,6,1,3,1,,,1,"2015-08-05 15:56:30","2017-02-28 10:01:04"
1212,493,20,1,3,1,,,6,"2015-08-05 15:56:30","2017-02-28 10:01:04"
1213,493,21,1,3,1,,,8,"2015-08-05 15:56:30","2017-02-28 10:01:04"
1214,494,6,1,3,1,,,1,"2015-08-05 15:56:30","2017-02-28 10:01:41"
1215,494,7,1,3,1,,,4,"2015-08-05 15:56:30","2017-02-28 10:01:41"
1216,494,10,1,3,1,,,6,"2015-08-05 15:56:30","2017-02-28 10:01:41"
1217,494,22,1,3,1,,,8,"2015-08-05 15:56:30","2017-02-28 10:01:41"
1218,495,10,1,1,3,,,1,"2015-08-05 15:56:30","2017-02-28 10:02:06"
1219,495,16,1,1,3,,,3,"2015-08-05 15:56:30","2017-02-28 10:02:06"
1220,496,10,1,3,1,,,1,"2015-08-05 15:56:30","2017-02-28 10:03:06"
1221,496,16,1,3,1,,,3,"2015-08-05 15:56:30","2017-02-28 10:03:06"
1222,496,24,1,3,1,,,5,"2015-08-05 15:56:30","2017-02-28 10:03:06"
1223,496,27,1,3,1,,,7,"2015-08-05 15:56:30","2017-02-28 10:03:06"
1224,497,1,1,3,1,,,1,"2015-08-05 15:56:30","2017-02-28 10:03:35"
1225,497,2,1,3,1,,,3,"2015-08-05 15:56:30","2017-02-28 10:03:35"
1226,498,6,1,3,1,,,1,"2015-08-05 15:56:30","2017-02-28 10:03:56"
1227,498,7,1,3,1,,,3,"2015-08-05 15:56:30","2018-07-26 15:10:12"
1228,498,10,1,3,1,,,5,"2015-08-05 15:56:30","2018-07-26 15:10:12"
1229,499,6,1,3,1,,,1,"2015-08-05 15:56:30","2017-02-28 10:04:19"
1230,499,7,1,3,1,,,5,"2015-08-05 15:56:30","2017-02-28 10:04:19"
1231,499,7,1,3,1,,,3,"2015-08-05 15:56:30","2017-02-28 10:04:19"
1232,499,10,1,3,1,,,7,"2015-08-05 15:56:30","2017-02-28 10:04:19"
1233,500,6,1,3,1,,,1,"2015-08-05 15:56:30","2017-03-03 08:40:33"
1234,500,7,1,3,1,,,3,"2015-08-05 15:56:30","2017-03-03 08:40:33"
1235,500,10,1,3,1,,,5,"2015-08-05 15:56:30","2017-03-03 08:40:33"
1236,501,6,1,3,1,,,1,"2015-08-05 15:56:30","2017-03-03 08:41:30"
1237,501,7,1,3,1,,,5,"2015-08-05 15:56:30","2017-03-03 08:41:30"
1238,501,7,1,3,1,,,3,"2015-08-05 15:56:30","2017-03-03 08:41:30"
1239,501,10,1,3,1,,,7,"2015-08-05 15:56:30","2017-03-03 08:41:30"
1240,502,6,1,3,1,,,1,"2015-08-05 15:56:30","2017-03-03 08:45:07"
1241,502,7,1,3,1,,,3,"2015-08-05 15:56:30","2017-03-03 08:45:07"
1242,502,10,1,3,1,,,5,"2015-08-05 15:56:30","2017-03-03 08:45:07"
1243,502,22,1,3,1,,,7,"2015-08-05 15:56:30","2017-03-03 08:45:07"
1244,503,6,1,3,1,,,1,"2015-08-05 15:56:30","2017-03-03 08:46:38"
1245,503,7,1,3,1,,,5,"2015-08-05 15:56:30","2017-03-03 08:46:38"
1246,503,7,1,3,1,,,3,"2015-08-05 15:56:30","2017-03-03 08:46:38"
1247,503,10,1,3,1,,,7,"2015-08-05 15:56:30","2017-03-03 08:46:38"
1248,504,5,1,3,1,,,1,"2015-08-05 15:56:30","2018-07-26 15:23:36"
1249,504,32,1,3,1,,,3,"2015-08-05 15:56:30","2018-07-26 15:23:36"
1250,505,6,1,3,1,,,1,"2015-08-05 15:56:30","2017-03-03 08:48:13"
1251,505,7,1,1,3,,,3,"2015-08-05 15:56:30","2017-03-03 08:48:13"
1252,505,16,2,1,3,,,5,"2015-08-05 15:56:30","2017-03-03 08:48:13"
1253,506,6,1,3,1,,,1,"2015-08-05 15:56:30","2017-03-03 08:49:17"
1254,506,10,1,3,1,,,3,"2015-08-05 15:56:30","2017-03-03 08:49:17"
1255,507,5,1,3,1,,,1,"2015-08-05 15:56:30","2017-03-03 08:49:56"
1256,507,32,1,3,1,,,3,"2015-08-05 15:56:30","2017-03-03 08:49:56"
1257,508,5,1,3,1,,,1,"2015-08-05 15:56:30","2017-03-03 08:50:28"
1258,508,32,1,3,1,,,3,"2015-08-05 15:56:30","2017-03-03 08:50:28"
1259,509,5,1,3,1,,,1,"2015-08-05 15:56:30","2017-03-03 08:51:23"
1260,509,6,1,3,1,,,3,"2015-08-05 15:56:30","2017-03-03 08:51:23"
1261,509,8,1,3,1,,,5,"2015-08-05 15:56:30","2017-03-03 08:51:23"
1262,509,32,1,3,1,,,7,"2015-08-05 15:56:30","2017-03-03 08:51:23"
1264,510,5,1,3,1,,,1,"2015-08-05 15:56:30","2017-03-03 08:53:00"
1265,510,6,1,3,1,,,3,"2015-08-05 15:56:30","2017-03-03 08:53:00"
1266,510,10,1,3,1,,,5,"2015-08-05 15:56:30","2017-03-03 08:53:00"
1267,510,32,1,3,1,,,7,"2015-08-05 15:56:30","2017-03-03 08:53:00"
1268,511,5,1,3,1,,,,"2015-08-05 15:56:30","2015-08-05 15:56:30"
1269,511,6,1,3,1,,,,"2015-08-05 15:56:30","2015-08-05 15:56:30"
1270,511,8,1,3,1,,,,"2015-08-05 15:56:30","2016-05-23 15:12:25"
1271,511,10,1,3,1,,,,"2015-08-05 15:56:30","2016-05-23 15:12:25"
1272,511,32,1,3,1,,,,"2015-08-05 15:56:30","2015-08-05 15:56:30"
1273,512,5,1,3,1,,,,"2015-08-05 15:56:30","2015-08-05 15:56:30"
1274,512,6,1,3,1,,,,"2015-08-05 15:56:30","2015-08-05 15:56:30"
1275,512,32,1,3,1,,,,"2015-08-05 15:56:30","2015-08-05 15:56:30"
1276,513,5,1,3,1,,,,"2015-08-05 15:56:30","2015-08-05 15:56:30"
1277,513,6,1,4,4,,,,"2015-08-05 15:56:30","2015-08-05 15:56:30"
1278,513,8,1,3,1,,,,"2015-08-05 15:56:30","2016-05-24 10:29:46"
1279,513,10,1,1,3,,,,"2015-08-05 15:56:30","2016-05-24 10:29:46"
1280,513,23,1,4,4,,,,"2015-08-05 15:56:30","2016-05-24 10:29:46"
1281,513,32,1,3,1,,,,"2015-08-05 15:56:30","2015-08-05 15:56:30"
1282,514,6,1,4,4,,,,"2015-08-05 15:56:30","2015-08-05 15:56:30"
1283,514,8,1,3,1,,,,"2015-08-05 15:56:30","2015-08-05 15:56:30"
1284,514,10,1,4,4,,,,"2015-08-05 15:56:30","2016-05-24 10:29:59"
1285,514,23,1,4,4,,,,"2015-08-05 15:56:30","2016-05-24 10:29:59"
1286,515,6,1,4,4,,,,"2015-08-05 15:56:30","2015-08-05 15:56:30"
1287,515,8,1,3,1,,,,"2015-08-05 15:56:30","2015-08-05 15:56:30"
1288,515,10,1,4,4,,,,"2015-08-05 15:56:30","2016-05-24 10:30:15"
1289,515,23,1,4,4,,,,"2015-08-05 15:56:30","2016-05-24 10:30:15"
1290,516,8,1,3,1,,,,"2015-08-05 15:56:30","2015-08-05 15:56:30"
1291,516,10,1,3,1,,,,"2015-08-05 15:56:30","2016-05-24 10:29:17"
1292,516,23,1,4,4,,,,"2015-08-05 15:56:30","2016-05-24 10:29:17"
1293,517,6,1,3,1,,,,"2015-08-05 15:56:30","2015-08-05 15:56:30"
1294,517,8,1,3,1,,,,"2015-08-05 15:56:30","2015-08-05 15:56:30"
1295,517,10,1,3,1,,,,"2015-08-05 15:56:30","2015-08-05 15:56:30"
1296,518,5,1,3,1,,,,"2015-08-05 15:56:30","2015-08-05 15:56:30"
1297,518,6,1,3,1,,,,"2015-08-05 15:56:30","2015-08-05 15:56:30"
1298,518,8,1,3,1,,,,"2015-08-05 15:56:30","2015-08-05 15:56:30"
1299,518,10,1,3,1,,,,"2015-08-05 15:56:30","2015-08-05 15:56:30"
1300,518,32,1,3,1,,,,"2015-08-05 15:56:30","2015-08-05 15:56:30"
1301,519,8,1,3,1,,,,"2015-08-05 15:56:30","2015-08-05 15:56:30"
1302,519,10,1,4,4,,,,"2015-08-05 15:56:30","2016-05-24 10:50:16"
1303,519,16,1,3,1,,,,"2015-08-05 15:56:30","2015-08-05 15:56:30"
1304,519,24,1,4,4,,,,"2015-08-05 15:56:30","2015-08-05 15:56:30"
1305,519,27,1,4,4,,,,"2015-08-05 15:56:30","2015-08-05 15:56:30"
1306,520,6,1,3,2,,,1,"2015-08-05 15:56:30","2018-08-02 09:47:29"
1307,520,7,1,1,3,,,3,"2015-08-05 15:56:30","2017-03-03 09:27:17"
1308,520,10,1,3,2,,,5,"2015-08-05 15:56:30","2018-08-02 09:47:29"
1309,520,16,1,1,3,,,7,"2015-08-05 15:56:30","2017-03-03 09:27:17"
1310,521,6,1,3,1,,,,"2015-08-05 15:56:30","2015-08-05 15:56:30"
1311,521,7,1,3,1,,,,"2015-08-05 15:56:30","2015-08-05 15:56:30"
1312,521,10,1,3,1,,,,"2015-08-05 15:56:30","2015-08-05 15:56:30"
1313,521,20,1,3,1,,,,"2015-08-05 15:56:30","2015-08-05 15:56:30"
1314,521,21,1,3,1,,,,"2015-08-05 15:56:30","2015-08-05 15:56:30"
1315,521,32,2,3,1,,,,"2015-08-05 15:56:30","2015-08-05 15:56:30"
1316,522,22,1,3,1,,,,"2015-08-05 15:56:30","2015-08-05 15:56:30"
1317,522,23,1,4,4,,,,"2015-08-05 15:56:30","2015-08-05 15:56:30"
1318,522,1,2,3,1,,,,"2015-08-05 15:56:30","2015-08-05 15:56:30"
1319,522,2,2,3,1,,,,"2015-08-05 15:56:30","2015-08-05 15:56:30"
1320,522,32,2,3,1,,,,"2015-08-05 15:56:30","2015-08-05 15:56:30"
1321,523,1,1,3,1,,,,"2015-08-05 15:56:30","2015-08-05 15:56:30"
1322,523,2,1,3,1,,,,"2015-08-05 15:56:30","2015-08-05 15:56:30"
1323,523,22,2,3,1,,,,"2015-08-05 15:56:30","2015-08-05 15:56:30"
1324,523,32,2,3,1,,,,"2015-08-05 15:56:30","2015-08-05 15:56:30"
1325,524,23,1,4,4,,,,"2015-08-05 15:56:30","2015-08-05 15:56:30"
1326,524,1,2,3,1,,,,"2015-08-05 15:56:30","2015-08-05 15:56:30"
1327,524,2,2,3,1,,,,"2015-08-05 15:56:30","2015-08-05 15:56:30"
1328,524,22,2,3,1,,,,"2015-08-05 15:56:30","2015-08-05 15:56:30"
1329,524,32,2,3,1,,,,"2015-08-05 15:56:30","2015-08-05 15:56:30"
1330,525,22,1,3,1,,,,"2015-08-05 15:56:30","2015-08-05 15:56:30"
1331,525,23,1,4,4,,,,"2015-08-05 15:56:30","2015-08-05 15:56:30"
1332,525,1,2,3,1,,,,"2015-08-05 15:56:30","2015-08-05 15:56:30"
1333,525,2,2,3,1,,,,"2015-08-05 15:56:30","2015-08-05 15:56:30"
1334,525,32,2,3,1,,,,"2015-08-05 15:56:30","2015-08-05 15:56:30"
1335,526,6,1,3,1,,,,"2015-08-05 15:56:30","2015-08-05 15:56:30"
1336,526,7,1,1,3,,,,"2015-08-05 15:56:30","2015-08-05 15:56:30"
1337,526,10,1,3,1,,,,"2015-08-05 15:56:30","2015-08-05 15:56:30"
1338,526,16,1,1,3,,,,"2015-08-05 15:56:30","2015-08-05 15:56:30"
1339,526,22,1,3,1,,,,"2015-08-05 15:56:30","2015-08-05 15:56:30"
1340,526,32,2,3,1,,,,"2015-08-05 15:56:30","2015-08-05 15:56:30"
1341,526,1,2,3,1,81000000000,81500000000,,"2015-08-05 15:56:30","2016-05-24 11:52:00"
1342,526,2,2,3,1,81000000000,81500000000,,"2015-08-05 15:56:30","2016-05-24 11:52:00"
1343,527,6,1,3,1,,,,"2015-08-05 15:56:30","2015-08-05 15:56:30"
1344,527,7,1,3,1,,,,"2015-08-05 15:56:30","2015-08-05 15:56:30"
1345,527,10,1,3,1,,,,"2015-08-05 15:56:30","2015-08-05 15:56:30"
1346,527,22,1,3,1,,,,"2015-08-05 15:56:30","2015-08-05 15:56:30"
1347,528,5,1,3,1,,,1,"2015-08-05 15:56:30","2017-03-03 09:43:34"
1348,528,22,1,3,1,,,3,"2015-08-05 15:56:30","2017-03-03 09:43:34"
1349,528,32,1,3,1,,,5,"2015-08-05 15:56:30","2017-03-03 09:43:34"
1350,529,6,1,3,2,,,1,"2015-08-05 15:56:30","2018-08-02 11:07:54"
1351,529,10,1,3,2,,,3,"2015-08-05 15:56:30","2018-08-02 11:07:54"
1352,529,22,1,3,1,,,5,"2015-08-05 15:56:30","2017-03-03 09:44:13"
1353,529,23,1,3,2,,,7,"2015-08-05 15:56:30","2018-08-02 11:07:54"
1354,530,5,1,3,2,,,1,"2015-08-05 15:56:30","2018-08-02 11:09:34"
1355,530,23,1,3,2,,,3,"2015-08-05 15:56:30","2018-08-02 11:09:34"
1356,530,32,1,3,1,,,5,"2015-08-05 15:56:30","2017-03-03 09:44:54"
1357,530,22,2,3,1,,,7,"2015-08-05 15:56:30","2017-03-03 09:44:54"
1358,531,6,1,3,2,,,1,"2015-08-05 15:56:30","2018-08-02 11:11:50"
1359,531,10,1,3,2,,,3,"2015-08-05 15:56:30","2018-08-02 11:11:50"
1360,531,22,1,3,1,,,5,"2015-08-05 15:56:30","2017-03-03 09:45:21"
1361,531,23,1,3,2,,,7,"2015-08-05 15:56:30","2018-08-02 11:11:50"
1362,532,6,1,3,2,,,1,"2015-08-05 15:56:30","2018-08-09 15:37:44"
1363,532,10,1,3,2,,,3,"2015-08-05 15:56:30","2018-08-09 15:37:44"
1364,532,22,1,3,1,,,5,"2015-08-05 15:56:30","2017-03-03 09:46:03"
1365,532,23,1,1,3,,,7,"2015-08-05 15:56:30","2017-03-03 09:46:03"
1366,532,24,1,3,2,,,9,"2015-08-05 15:56:30","2018-08-09 15:37:44"
1367,532,27,1,3,2,,,11,"2015-08-05 15:56:30","2018-08-09 15:37:44"
1368,533,5,1,3,1,,,1,"2015-08-05 15:56:30","2017-03-03 09:46:30"
1369,533,22,1,3,1,,,3,"2015-08-05 15:56:30","2017-03-03 09:46:30"
1370,533,32,1,3,1,,,5,"2015-08-05 15:56:30","2017-03-03 09:46:30"
1371,534,6,1,3,1,,,1,"2015-08-05 15:56:30","2017-03-03 09:46:52"
1372,534,10,1,3,1,,,3,"2015-08-05 15:56:30","2017-03-03 09:46:52"
1373,534,22,1,3,1,,,5,"2015-08-05 15:56:30","2017-03-03 09:46:52"
1374,535,6,1,3,1,,,1,"2015-08-05 15:56:30","2017-03-05 17:06:36"
1375,535,10,1,3,1,,,3,"2015-08-05 15:56:30","2017-03-05 17:06:36"
1376,535,22,1,3,1,,,5,"2015-08-05 15:56:30","2017-03-05 17:06:36"
1377,535,32,1,3,1,,,7,"2015-08-05 15:56:30","2017-03-05 17:06:36"
1378,536,5,1,3,1,,,1,"2015-08-05 15:56:30","2017-03-05 17:07:51"
1379,536,22,1,3,1,,,3,"2015-08-05 15:56:30","2017-03-05 17:07:51"
1380,536,32,1,3,1,,,5,"2015-08-05 15:56:30","2017-03-05 17:07:51"
1381,537,6,1,3,1,,,1,"2015-08-05 15:56:30","2017-03-05 17:08:25"
1382,537,10,1,3,1,,,3,"2015-08-05 15:56:30","2017-03-05 17:08:25"
1383,537,22,1,3,1,,,5,"2015-08-05 15:56:30","2017-03-05 17:08:25"
1384,537,32,1,3,1,,,7,"2015-08-05 15:56:30","2017-03-05 17:08:25"
1385,538,5,1,3,1,,,1,"2015-08-05 15:56:30","2017-03-05 17:10:15"
1386,538,22,1,3,1,,,3,"2015-08-05 15:56:30","2017-03-05 17:10:15"
1387,538,32,1,3,1,,,5,"2015-08-05 15:56:30","2017-03-05 17:10:15"
1388,539,5,1,3,1,,,1,"2015-08-05 15:56:30","2017-03-05 17:09:43"
1389,539,8,1,3,1,,,3,"2015-08-05 15:56:30","2017-03-05 17:09:43"
1390,539,32,1,3,1,,,5,"2015-08-05 15:56:30","2017-03-05 17:09:43"
1391,540,5,1,3,1,,,,"2015-08-05 15:56:30","2015-08-05 15:56:30"
1392,540,8,1,3,1,,,,"2015-08-05 15:56:30","2016-03-29 13:12:01"
1393,540,32,1,3,1,,,,"2015-08-05 15:56:30","2015-08-05 15:56:30"
1394,541,6,1,3,1,,,,"2015-08-05 15:56:30","2015-08-05 15:56:30"
1395,541,8,1,3,1,,,,"2015-08-05 15:56:30","2015-08-05 15:56:30"
1396,541,10,1,3,1,,,,"2015-08-05 15:56:30","2016-03-29 13:11:09"
1397,541,1,1,3,1,,,,"2015-08-05 15:56:30","2015-08-05 15:56:30"
1398,542,7,1,3,1,,,1,"2015-08-05 15:56:30","2017-03-05 17:12:24"
1399,542,16,1,3,1,,,3,"2015-08-05 15:56:30","2017-03-05 17:12:24"
1400,542,24,1,3,1,,,5,"2015-08-05 15:56:30","2017-03-05 17:12:24"
1401,542,27,1,3,1,,,7,"2015-08-05 15:56:30","2017-03-05 17:12:24"
1402,542,22,2,3,1,,,9,"2015-08-05 15:56:30","2017-03-05 17:13:08"
1403,543,5,1,3,1,,,1,"2015-08-05 15:56:30","2017-03-05 17:14:04"
1404,543,6,1,3,1,,,3,"2015-08-05 15:56:30","2017-03-05 17:14:04"
1405,543,8,1,3,1,,,5,"2015-08-05 15:56:30","2017-03-05 17:14:04"
1406,543,10,1,3,1,,,7,"2015-08-05 15:56:30","2017-03-05 17:14:04"
1407,543,22,1,3,1,,,9,"2015-08-05 15:56:30","2017-03-05 17:14:04"
1408,544,1,1,3,1,,,1,"2015-08-05 15:56:30","2017-03-05 17:14:59"
1409,544,2,1,3,1,,,3,"2015-08-05 15:56:30","2017-03-05 17:14:59"
1410,544,22,2,3,1,,,5,"2015-08-05 15:56:30","2017-03-05 17:14:59"
1411,545,22,1,3,1,,,1,"2015-08-05 15:56:30","2017-03-05 17:15:20"
1412,545,23,1,3,1,,,3,"2015-08-05 15:56:30","2017-03-05 17:15:20"
1413,545,1,2,3,1,,,5,"2015-08-05 15:56:30","2017-03-05 17:15:20"
1414,545,2,2,3,1,,,7,"2015-08-05 15:56:30","2017-03-05 17:15:20"
1415,546,6,1,3,1,,,1,"2015-08-05 15:56:30","2017-03-05 17:15:55"
1416,546,10,1,3,1,,,3,"2015-08-05 15:56:30","2017-03-05 17:15:55"
1417,546,22,1,3,1,,,5,"2015-08-05 15:56:30","2017-03-05 17:15:55"
1418,546,23,1,3,1,,,7,"2015-08-05 15:56:30","2017-03-05 17:15:55"
1419,547,5,1,3,1,,,1,"2015-08-05 15:56:30","2017-03-05 17:16:24"
1420,547,22,1,3,1,,,3,"2015-08-05 15:56:30","2017-03-05 17:16:24"
1421,547,32,1,3,1,,,5,"2015-08-05 15:56:30","2017-03-05 17:16:24"
1422,548,6,1,3,1,,,1,"2015-08-05 15:56:30","2017-03-05 17:16:57"
1423,548,10,1,3,1,,,3,"2015-08-05 15:56:30","2017-03-05 17:16:57"
1424,548,22,1,3,1,,,5,"2015-08-05 15:56:30","2017-03-05 17:16:57"
1425,548,23,1,3,1,,,7,"2015-08-05 15:56:30","2017-03-05 17:16:57"
1426,549,5,1,3,1,,,1,"2015-08-05 15:56:30","2017-03-05 17:17:34"
1427,549,6,1,3,1,,,3,"2015-08-05 15:56:30","2017-03-05 17:17:34"
1428,549,10,1,3,1,,,5,"2015-08-05 15:56:30","2017-03-05 17:17:34"
1429,549,22,1,3,1,,,7,"2015-08-05 15:56:30","2017-03-05 17:17:34"
1430,549,32,1,3,1,,,9,"2015-08-05 15:56:30","2017-03-05 17:17:34"
1431,550,6,1,3,1,,,1,"2015-08-05 15:56:30","2017-03-06 18:30:38"
1432,550,7,1,3,1,,,3,"2015-08-05 15:56:30","2017-03-06 18:30:38"
1433,550,10,1,3,1,,,5,"2015-08-05 15:56:30","2017-03-06 18:30:38"
1434,550,16,1,3,1,,,7,"2015-08-05 15:56:30","2017-03-06 18:30:38"
1435,551,5,1,3,1,,,1,"2015-08-05 15:56:30","2017-03-06 18:31:13"
1436,551,22,1,3,1,,,3,"2015-08-05 15:56:30","2017-03-06 18:31:13"
1437,551,32,1,3,1,,,5,"2015-08-05 15:56:30","2017-03-06 18:31:13"
1438,552,6,1,3,1,,,1,"2015-08-05 15:56:30","2017-03-06 18:31:38"
1439,552,7,1,3,1,,,3,"2015-08-05 15:56:30","2017-03-06 18:31:38"
1440,552,8,1,3,1,,,5,"2015-08-05 15:56:30","2017-03-06 18:31:38"
1441,552,10,1,3,1,,,7,"2015-08-05 15:56:30","2017-03-06 18:31:38"
1442,553,6,1,3,1,,,1,"2015-08-05 15:56:30","2017-03-06 18:32:05"
1443,553,8,1,3,1,,,3,"2015-08-05 15:56:30","2017-03-06 18:32:05"
1444,553,10,1,3,1,,,5,"2015-08-05 15:56:30","2017-03-06 18:32:05"
1445,554,5,1,3,1,,,1,"2015-08-05 15:56:30","2017-03-06 18:32:37"
1446,554,8,1,3,1,,,3,"2015-08-05 15:56:30","2017-03-06 18:32:37"
1447,554,32,1,3,1,,,5,"2015-08-05 15:56:30","2017-03-06 18:32:37"
1448,555,5,1,3,1,,,1,"2015-08-05 15:56:30","2017-03-06 18:33:04"
1449,555,22,1,3,1,,,3,"2015-08-05 15:56:30","2017-03-06 18:33:04"
1450,555,32,1,3,1,,,5,"2015-08-05 15:56:30","2017-03-06 18:33:04"
1451,556,5,1,3,1,,,1,"2015-08-05 15:56:30","2017-03-06 18:33:27"
1452,556,8,1,3,1,,,3,"2015-08-05 15:56:30","2017-03-06 18:33:27"
1453,556,32,1,3,1,,,5,"2015-08-05 15:56:30","2017-03-06 18:33:27"
1454,557,5,1,3,1,,,1,"2015-08-05 15:56:30","2017-03-06 18:33:41"
1455,557,32,1,3,1,,,3,"2015-08-05 15:56:30","2017-03-06 18:33:41"
1456,558,6,1,3,1,,,1,"2015-08-05 15:56:30","2017-03-06 18:34:32"
1457,558,8,1,3,1,,,3,"2015-08-05 15:56:30","2017-03-06 18:34:32"
1458,558,10,1,3,1,,,5,"2015-08-05 15:56:30","2017-03-06 18:34:32"
1459,558,16,1,3,1,,,7,"2015-08-05 15:56:30","2017-03-06 18:34:32"
1460,558,24,1,3,1,,,9,"2015-08-05 15:56:30","2017-03-06 18:34:32"
1461,558,27,1,3,1,,,11,"2015-08-05 15:56:30","2017-03-06 18:34:32"
1462,559,5,1,3,1,,,1,"2015-08-05 15:56:30","2017-03-06 18:34:52"
1463,559,22,1,3,1,,,3,"2015-08-05 15:56:30","2017-03-06 18:34:52"
1464,559,32,1,3,1,,,5,"2015-08-05 15:56:30","2017-03-06 18:34:52"
1465,560,5,1,3,1,,,1,"2015-08-05 15:56:30","2017-03-06 18:35:22"
1466,560,22,1,3,1,,,3,"2015-08-05 15:56:30","2017-03-06 18:35:22"
1467,560,32,1,3,1,,,5,"2015-08-05 15:56:30","2017-03-06 18:35:22"
1468,561,6,1,3,1,,,1,"2015-08-05 15:56:30","2017-03-06 18:35:46"
1469,561,7,1,3,1,,,3,"2015-08-05 15:56:30","2017-03-06 18:35:46"
1470,561,10,1,3,1,,,5,"2015-08-05 15:56:30","2017-03-06 18:35:46"
1471,561,22,1,3,1,,,7,"2015-08-05 15:56:30","2017-03-06 18:35:46"
1472,562,6,1,3,1,,,1,"2015-08-05 15:56:30","2017-03-06 18:36:21"
1473,562,7,1,3,1,,,3,"2015-08-05 15:56:30","2017-03-06 18:36:21"
1474,562,10,1,3,1,,,5,"2015-08-05 15:56:30","2017-03-06 18:36:21"
1475,562,22,1,3,1,,,7,"2015-08-05 15:56:30","2017-03-06 18:36:21"
1476,562,32,1,3,1,,,9,"2015-08-05 15:56:30","2017-03-06 18:36:21"
1477,563,5,1,3,1,,,1,"2015-08-05 15:56:30","2017-03-06 18:36:42"
1478,563,22,1,3,1,,,3,"2015-08-05 15:56:30","2017-03-06 18:36:42"
1479,563,32,1,3,1,,,5,"2015-08-05 15:56:30","2017-03-06 18:36:42"
1480,564,6,1,3,1,,,1,"2015-08-05 15:56:30","2017-03-06 18:43:44"
1481,564,10,1,3,1,,,3,"2015-08-05 15:56:30","2017-03-06 18:43:44"
1482,564,23,2,3,1,,,5,"2015-08-05 15:56:30","2017-03-06 18:43:44"
1483,565,6,1,3,1,,,1,"2015-08-05 15:56:30","2017-03-06 18:37:08"
1484,565,7,1,3,1,,,3,"2015-08-05 15:56:30","2017-03-06 18:37:08"
1485,565,10,1,3,1,,,5,"2015-08-05 15:56:30","2017-03-06 18:37:08"
1486,565,23,2,3,1,,,7,"2015-08-05 15:56:30","2017-03-06 18:37:08"
1487,566,5,1,3,1,,,1,"2015-08-05 15:56:30","2017-03-06 18:37:53"
1488,566,7,1,3,1,,,3,"2015-08-05 15:56:30","2017-03-06 18:37:53"
1489,566,32,1,3,1,,,5,"2015-08-05 15:56:30","2017-03-06 18:37:53"
1490,566,5,2,3,1,237900000000,238000000000,7,"2015-08-05 15:56:30","2017-03-06 18:37:53"
1491,566,32,2,3,1,237900000000,238000000000,9,"2015-08-05 15:56:30","2017-03-06 18:37:53"
1492,567,6,1,3,1,,,1,"2015-08-05 15:56:30","2017-03-06 18:40:25"
1493,567,7,1,3,1,,,3,"2015-08-05 15:56:30","2017-03-06 18:40:25"
1494,567,10,1,3,1,,,5,"2015-08-05 15:56:30","2017-03-06 18:40:25"
1495,567,23,1,3,1,,,7,"2015-08-05 15:56:30","2017-03-06 18:40:25"
1496,567,24,1,3,1,,,9,"2015-08-05 15:56:30","2017-03-06 18:40:25"
1497,567,27,1,3,1,,,11,"2015-08-05 15:56:30","2017-03-06 18:40:25"
1498,568,6,1,3,1,,,1,"2015-08-05 15:56:30","2017-03-06 18:40:39"
1499,568,10,1,3,1,,,3,"2015-08-05 15:56:30","2017-03-06 18:40:39"
1500,568,23,1,3,1,,,5,"2015-08-05 15:56:30","2017-03-06 18:40:39"
1501,569,22,1,3,1,,,,"2015-08-05 15:56:30","2015-08-05 15:56:30"
1502,569,23,1,3,1,,,,"2015-08-05 15:56:30","2015-08-05 15:56:30"
1503,569,1,2,3,1,,,,"2015-08-05 15:56:30","2015-08-05 15:56:30"
1504,569,2,2,3,1,,,,"2015-08-05 15:56:30","2015-08-05 15:56:30"
1505,570,1,1,3,1,,,1,"2015-08-05 15:56:30","2017-03-06 18:40:57"
1506,570,2,1,3,1,,,3,"2015-08-05 15:56:30","2017-03-06 18:40:57"
1507,570,22,2,3,1,,,5,"2015-08-05 15:56:30","2017-03-06 18:40:57"
1508,571,5,1,3,1,,,1,"2015-08-05 15:56:30","2017-03-06 18:41:54"
1509,571,22,1,3,1,,,3,"2015-08-05 15:56:30","2017-03-06 18:41:54"
1510,571,32,1,3,1,,,5,"2015-08-05 15:56:30","2017-03-06 18:41:54"
1511,572,6,1,3,1,,,1,"2015-08-05 15:56:30","2017-03-06 18:42:26"
1512,572,10,1,3,1,,,3,"2015-08-05 15:56:30","2017-03-06 18:42:26"
1513,572,16,1,3,1,,,5,"2015-08-05 15:56:30","2017-03-06 18:42:26"
1514,572,22,1,3,1,,,7,"2015-08-05 15:56:30","2017-03-06 18:42:26"
1515,572,24,1,3,1,,,9,"2015-08-05 15:56:30","2017-03-06 18:42:26"
1516,572,27,1,3,1,,,11,"2015-08-05 15:56:30","2017-03-06 18:42:26"
1517,573,6,1,3,1,,,1,"2015-08-05 15:56:30","2017-03-06 18:42:56"
1518,573,7,1,3,1,,,3,"2015-08-05 15:56:30","2017-03-06 18:42:56"
1519,573,10,1,3,1,,,5,"2015-08-05 15:56:30","2017-03-06 18:42:56"
1520,573,22,1,3,1,,,7,"2015-08-05 15:56:30","2017-03-06 18:42:56"
1521,574,37,,,,,,,"2015-08-05 15:56:30","2015-08-05 15:56:30"
1527,283,23,2,3,2,,,11,"2016-04-28 19:31:10","2018-04-10 17:14:36"
1530,50,15,1,3,1,,,,"2015-08-05 15:56:30","2015-08-05 15:56:30"
1533,15,24,1,4,4,,,,"2015-08-05 15:56:30","2015-08-05 15:56:30"
1534,15,15,1,3,1,,,,"2015-08-05 15:56:30","2015-08-05 15:56:30"
1535,15,6,1,3,1,,,,"2015-08-05 15:56:30","2015-08-05 15:56:30"
1536,16,24,1,4,4,,,,"2015-08-05 15:56:30","2015-08-05 15:56:30"
1537,18,24,1,4,4,,,,"2015-08-05 15:56:30","2015-08-05 15:56:30"
1538,18,15,1,3,1,,,,"2015-08-05 15:56:30","2015-08-05 15:56:30"
1539,18,6,1,3,1,,,,"2015-08-05 15:56:30","2015-08-05 15:56:30"
1540,19,24,1,4,4,,,,"2015-08-05 15:56:30","2015-08-05 15:56:30"
1541,26,26,1,3,1,,,1,"2015-08-05 15:56:30","2017-01-18 20:19:49"
1542,26,25,1,4,4,,,4,"2015-08-05 15:56:30","2017-01-18 20:19:49"
1543,25,25,1,4,4,,,,"2015-08-05 15:56:30","2015-08-05 15:56:30"
1544,25,20,1,3,1,,,,"2015-08-05 15:56:30","2015-08-05 15:56:30"
1545,24,25,2,3,2,,,1,"2015-08-05 15:56:30","2017-01-18 20:13:40"
1546,24,20,1,3,1,,,3,"2015-08-05 15:56:30","2017-01-18 20:13:40"
1547,23,15,1,3,1,,,,"2015-08-05 15:56:30","2015-08-05 15:56:30"
1548,23,6,1,4,4,,,,"2015-08-05 15:56:30","2015-08-05 15:56:30"
1549,22,1,2,3,1,,,,"2015-08-05 15:56:30","2015-08-05 15:56:30"
1550,22,15,1,3,1,,,,"2015-08-05 15:56:30","2015-08-05 15:56:30"
1551,22,6,1,4,4,,,,"2015-08-05 15:56:30","2015-08-05 15:56:30"
1552,21,15,1,3,1,,,,"2015-08-05 15:56:30","2015-08-05 15:56:30"
1553,21,6,1,4,4,,,,"2015-08-05 15:56:30","2015-08-05 15:56:30"
1554,20,24,1,4,4,,,,"2015-08-05 15:56:30","2015-08-05 15:56:30"
1555,20,15,1,3,1,,,,"2015-08-05 15:56:30","2015-08-05 15:56:30"
1556,20,6,1,3,1,,,,"2015-08-05 15:56:30","2015-08-05 15:56:30"
1557,14,6,2,3,1,,,,"2015-08-05 15:56:30","2015-08-05 15:56:30"
1558,14,24,1,4,4,,,,"2015-08-05 15:56:30","2015-08-05 15:56:30"
1559,291,10,1,3,1,694000000,790000000,1,"2017-10-13 14:28:05","2018-04-27 13:06:20"
1560,387,,,,,,,999,"2017-12-04 15:03:46","2017-12-04 15:03:46"
1567,385,,,,,,,999,"2017-12-07 13:03:07","2017-12-07 13:03:07"
1568,386,,,,,,,999,"2017-12-07 13:16:46","2017-12-07 13:16:46"
1569,404,,,,,,,999,"2017-12-07 16:06:49","2017-12-07 16:06:49"
1570,408,,,,,,,999,"2017-12-07 16:13:36","2017-12-07 16:13:36"
1580,384,10,1,3,1,,,,"2015-08-05 15:56:30","2015-08-05 15:56:30"
1581,384,6,1,3,1,7075000000,7145000000,,"2015-08-05 15:56:30","2016-03-23 10:52:38"
1582,389,,,,,,,999,"2018-01-03 17:09:32","2018-01-03 17:09:32"
1583,390,,,,,,,999,"2018-01-03 17:53:13","2018-01-03 17:53:13"
1584,399,,,,,,,999,"2018-01-04 18:04:25","2018-01-04 18:04:25"
1585,400,,,,,,,999,"2018-01-04 18:15:46","2018-01-04 18:15:46"
1593,229,10,1,3,1,,,1,"2018-01-18 16:36:11","2018-01-18 16:37:35"
1599,241,40,2,3,1,,,999,"2018-01-23 18:12:13","2018-01-23 18:14:15"
1600,245,16,2,3,1,,,999,"2018-01-23 18:31:44","2018-01-23 18:40:54"
1601,243,16,2,3,1,,,999,"2018-01-23 18:43:25","2018-01-23 18:44:25"
1603,2,,,,,,,999,"2018-03-27 16:41:18","2018-03-27 16:41:18"
1604,282,,,,,,,999,"2018-04-10 17:09:04","2018-04-10 17:09:04"
1605,452,22,1,3,1,,,5,"2018-05-16 12:08:39","2018-05-16 12:10:36"
1606,452,32,1,3,1,,,7,"2018-05-16 12:09:45","2018-05-16 12:10:36"
1607,454,32,1,3,1,,,999,"2018-05-16 12:56:44","2018-05-16 12:57:24"
1608,454,22,1,3,1,,,999,"2018-05-16 12:57:28","2018-05-16 12:57:49"
1609,587,6,1,3,1,,,1,"2018-05-16 14:26:43","2018-05-16 14:42:11"
1610,587,8,1,3,1,,,5,"2018-05-16 14:26:43","2018-05-16 14:42:11"
1611,587,10,1,3,1,,,7,"2018-05-16 14:26:43","2018-05-16 14:42:11"
1612,455,32,1,3,1,,,999,"2018-05-16 14:34:00","2018-05-21 13:28:51"
1613,361,11,1,4,4,,,1,"2018-06-11 13:18:52","2018-06-11 13:20:06"
1614,366,,,,,,,999,"2018-06-11 17:13:39","2018-06-11 17:13:39"
1615,367,,,,,,,999,"2018-06-11 17:32:55","2018-06-11 17:32:55"
1616,368,,,,,,,999,"2018-06-11 17:43:42","2018-06-11 17:43:42"
1617,368,,,,,,,999,"2018-06-11 17:44:36","2018-06-11 17:44:36"
1618,369,,,,,,,999,"2018-06-11 17:47:10","2018-06-11 17:47:10"
1619,409,,,,,,,999,"2018-06-12 16:29:38","2018-06-12 16:29:38"
1623,589,6,1,3,2,,,1,"2018-06-21 15:41:38","2018-06-21 16:04:23"
1624,589,7,1,3,1,,,3,"2018-06-21 15:41:38","2018-06-21 16:03:10"
1625,589,10,1,3,2,,,8,"2018-06-21 15:41:38","2018-06-21 16:07:46"
1633,421,,,,,,,999,"2018-06-25 15:10:34","2018-06-25 15:10:34"
1634,428,22,2,3,1,,,999,"2018-07-02 09:53:33","2018-07-02 09:54:02"
1635,430,22,2,3,1,,,999,"2018-07-02 09:57:19","2018-07-02 09:57:42"
1636,431,22,2,3,1,,,999,"2018-07-02 09:58:04","2018-07-02 09:58:24"
1637,433,23,1,4,4,,,999,"2018-07-04 10:14:31","2018-07-04 10:15:56"
1638,434,23,1,4,4,,,999,"2018-07-04 10:18:20","2018-07-04 10:18:49"
1639,435,23,1,4,4,,,999,"2018-07-04 10:21:03","2018-07-04 10:21:23"
1640,460,,,,,,,999,"2018-07-19 16:23:41","2018-07-19 16:23:41"
1641,462,,,,,,,999,"2018-07-19 16:28:52","2018-07-19 16:28:52"
1642,463,,,,,,,999,"2018-07-19 16:31:11","2018-07-19 16:31:11"
1644,1,3,1,3,1,8300,9000,,"2015-08-05 15:56:30","2018-03-21 09:38:44"
1647,523,,,,,,,999,"2018-08-02 09:54:48","2018-08-02 09:54:48"
1648,219,10,2,1,3,,,999,"2018-08-28 09:55:16","2018-08-28 09:55:54"
1649,206,1,2,3,1,,,3,"2018-08-29 09:12:12","2018-08-29 09:13:05"
1650,207,22,2,3,1,,,999,"2018-08-29 09:17:49","2018-08-29 09:18:12"
1651,208,22,2,3,1,,,12,"2018-08-29 09:19:52","2018-08-29 09:21:05"
1653,600,24,1,3,1,,,999,"2018-09-19 08:45:47","2018-09-19 08:45:47"
1654,601,3,1,3,1,8300,9000,999,"2018-09-19 08:46:19","2018-09-19 08:46:19"
1655,604,6,1,2,3,,,1,"2018-09-19 09:55:28","2018-09-19 09:59:51"
1656,605,6,1,2,3,,,999,"2018-09-19 10:01:23","2018-09-19 10:01:23"
1658,606,15,1,3,1,,,999,"2018-09-19 10:12:39","2018-09-19 10:12:39"
1659,607,16,2,3,1,,,999,"2018-09-19 10:19:11","2018-09-19 10:23:21"
1660,607,15,1,3,1,,,999,"2018-09-19 10:19:11","2018-09-19 10:19:11"
1661,608,6,1,3,1,,,3,"2018-09-19 10:36:32","2018-09-19 10:38:12"
1662,608,8,1,3,1,,,7,"2018-09-19 10:36:32","2018-09-19 10:38:12"
1663,608,10,1,3,1,,,9,"2018-09-19 10:36:32","2018-09-19 10:38:12"
1665,609,5,1,3,1,,,1,"2018-09-19 12:33:49","2018-09-19 12:34:22"
1667,609,23,1,1,3,,,3,"2018-09-19 12:33:49","2018-09-19 12:34:22"
1668,609,32,1,3,1,,,5,"2018-09-19 12:33:49","2018-09-19 12:34:22"
1669,610,6,1,3,2,,,1,"2018-10-24 10:03:08","2018-10-24 10:06:54"
1670,610,7,1,3,1,,,3,"2018-10-24 10:03:08","2018-10-24 10:03:58"
1671,610,10,1,3,2,,,7,"2018-10-24 10:03:08","2018-10-24 10:06:54"
1672,611,6,1,3,2,,,1,"2018-10-24 10:11:36","2018-10-24 10:13:52"
1673,611,7,1,3,1,,,3,"2018-10-24 10:11:36","2018-10-24 10:13:52"
1674,611,10,1,3,2,,,7,"2018-10-24 10:11:36","2018-10-24 10:13:52"
1675,612,6,1,3,1,,,1,"2018-10-24 10:28:25","2018-10-24 10:29:22"
1676,612,7,1,1,3,,,4,"2018-10-24 10:28:25","2018-10-24 10:29:22"
1677,612,10,1,3,1,,,6,"2018-10-24 10:28:25","2018-10-24 10:29:22"
1678,612,40,1,3,1,,,7,"2018-10-24 10:28:25","2018-10-24 10:29:22"
1679,613,6,1,3,1,,,6,"2018-10-24 10:37:29","2018-10-24 14:24:05"
1680,613,7,1,1,3,,,4,"2018-10-24 10:37:29","2018-10-24 14:24:05"
1681,613,16,1,1,3,,,2,"2018-10-24 10:37:29","2018-10-24 14:24:05"
1682,613,10,2,3,1,,,1,"2018-10-24 10:37:29","2018-10-24 14:24:05"
1683,614,6,1,3,1,,,1,"2018-10-24 11:00:14","2018-10-24 11:08:23"
1684,614,10,1,3,1,,,4,"2018-10-24 11:00:14","2018-10-24 11:07:02"
1685,614,32,1,3,1,,,999,"2018-10-24 11:09:29","2018-10-24 11:10:17"
1690,5,,,,,,,999,"2018-10-24 16:28:59","2018-10-24 16:28:59"
1691,618,25,1,4,4,,,3,"2018-10-25 10:38:15","2018-10-25 11:03:00"
1692,618,15,1,3,1,,,1,"2018-10-25 10:38:15","2018-10-25 11:03:00"
1693,619,25,1,4,4,,,999,"2018-10-25 10:38:53","2018-10-25 10:38:53"
1694,619,15,1,3,1,,,999,"2018-10-25 10:38:53","2018-10-25 10:38:53"
1695,618,1,2,3,1,,,5,"2018-10-25 11:02:03","2018-10-25 11:03:00"
1696,622,10,1,4,4,,,999,"2018-10-26 09:31:54","2018-10-26 09:31:54"
1697,622,6,1,4,4,,,999,"2018-10-26 09:31:54","2018-10-26 09:31:54"
1698,623,10,1,4,4,,,3,"2018-10-26 09:32:29","2018-10-26 10:05:10"
1699,623,6,1,4,4,,,1,"2018-10-26 09:32:29","2018-10-26 10:05:10"
1700,624,10,1,4,4,,,999,"2018-10-26 09:33:06","2018-10-26 09:33:06"
1701,624,6,1,4,4,,,999,"2018-10-26 09:33:06","2018-10-26 09:33:06"
1702,623,1,2,3,1,,,5,"2018-10-26 09:43:55","2018-10-26 10:05:10"
1703,625,6,1,2,3,,,1,"2018-10-28 17:42:16","2018-10-28 17:48:46"
1704,625,10,2,1,3,,,3,"2018-10-28 17:42:16","2018-10-28 17:48:46"
1705,626,6,1,2,3,,,1,"2018-10-28 17:42:42","2018-10-28 18:21:29"
1706,626,10,2,1,3,,,3,"2018-10-28 17:42:42","2018-10-28 18:21:29"
1707,627,6,1,2,3,,,999,"2018-10-29 09:30:35","2018-10-29 09:30:35"
1708,628,6,1,2,3,,,1,"2018-10-29 09:31:02","2018-10-29 09:40:03"
1709,629,6,1,2,3,,,1,"2018-10-29 10:08:29","2018-10-29 10:14:15"
1710,629,14,1,1,3,,,3,"2018-10-29 10:08:29","2018-10-29 10:14:15"
1711,630,6,1,2,3,,,1,"2018-10-29 10:09:02","2018-10-29 10:12:12"
1712,630,14,1,1,3,,,3,"2018-10-29 10:09:02","2018-10-29 10:12:12"
1713,631,6,1,1,3,,,1,"2018-10-29 14:41:46","2018-10-29 14:47:12"
1714,631,10,1,3,1,,,3,"2018-10-29 14:41:46","2018-10-29 14:47:12"
1715,632,6,1,1,3,,,1,"2018-10-29 14:42:08","2018-10-29 14:44:14"
1716,632,10,1,3,1,,,3,"2018-10-29 14:42:08","2018-10-29 14:44:14"
1717,633,10,1,2,3,,,999,"2018-10-29 18:37:09","2018-10-29 18:37:09"
1718,634,10,1,2,3,,,1,"2018-10-29 18:51:00","2018-10-29 19:01:28"
1719,635,10,1,2,3,,,999,"2018-10-29 18:52:15","2018-10-29 18:52:15"
1720,638,6,1,4,4,,,1,"2018-12-05 10:03:03","2018-12-05 10:20:13"
1721,638,10,1,4,4,,,2,"2018-12-05 10:03:48","2018-12-05 10:20:13"
1722,297,17,1,4,4,1087700000,1092300000,5,"2018-12-11 11:08:39","2018-12-11 11:10:01"
