id,sorting,created_at,updated_at
1,10,"2015-08-05 15:56:30","2019-01-24 09:55:32"
2,20,"2015-08-05 15:56:30","2019-01-24 09:57:31"
3,30,"2015-08-05 15:56:30","2019-01-24 09:58:38"
4,40,"2015-08-05 15:56:30","2019-01-24 10:04:11"
5,50,"2015-08-05 15:56:30","2019-01-24 10:06:28"
6,60,"2015-08-05 15:56:30","2019-01-24 10:07:44"
7,70,"2015-08-05 15:56:30","2019-09-04 09:41:57"
8,80,"2015-08-05 15:56:30","2019-01-24 10:10:40"
9,90,"2015-08-05 15:56:30","2019-01-24 10:14:37"
10,100,"2015-08-05 15:56:30","2019-09-04 09:41:05"
11,110,"2015-08-05 15:56:30","2019-01-24 10:17:02"
12,120,"2015-08-05 15:56:30","2019-01-24 10:20:07"
13,130,"2015-08-05 15:56:30","2019-01-24 10:22:31"
14,140,"2015-08-05 15:56:30","2019-01-24 10:24:04"
15,150,"2015-08-05 15:56:30","2019-01-24 10:26:03"
16,160,"2015-08-05 15:56:30","2019-01-24 10:27:33"
17,170,"2015-08-05 15:56:30","2019-01-24 10:32:11"
18,180,"2015-08-05 15:56:30","2019-01-24 10:33:19"
19,190,"2015-08-05 15:56:30","2019-01-24 10:34:15"
20,200,"2015-08-05 15:56:30","2019-01-24 10:36:01"
21,210,"2015-08-05 15:56:30","2019-01-24 10:37:21"
22,220,"2015-08-05 15:56:30","2019-01-24 10:38:24"
23,230,"2015-08-05 15:56:30","2019-01-24 10:39:22"
24,240,"2015-08-05 15:56:30","2019-01-24 10:40:20"
25,250,"2015-08-05 15:56:30","2019-01-24 10:41:24"
26,260,"2015-08-05 15:56:30","2019-01-24 10:42:33"
27,270,"2015-08-05 15:56:30","2019-01-24 10:44:49"
